#
# There is insufficient memory for the Java Runtime Environment to continue.
# Native memory allocation (malloc) failed to allocate 2376544 bytes. Error detail: Chunk::new
# Possible reasons:
#   The system is out of physical RAM or swap space
#   This process is running with CompressedOops enabled, and the Java Heap may be blocking the growth of the native heap
# Possible solutions:
#   Reduce memory load on the system
#   Increase physical memory or swap space
#   Check if swap backing store is full
#   Decrease Java heap size (-Xmx/-Xms)
#   Decrease number of Java threads
#   Decrease Java thread stack sizes (-Xss)
#   Set larger code cache with -XX:ReservedCodeCacheSize=
#   JVM is running with Unscaled Compressed Oops mode in which the Java heap is
#     placed in the first 4GB address space. The Java Heap base address is the
#     maximum limit for the native heap growth. Please use -XX:HeapBaseMinAddress
#     to set the Java Heap base and to place the Java Heap above 4GB virtual address.
# This output file may be truncated or incomplete.
#
#  Out of Memory Error (arena.cpp:168), pid=19284, tid=14056
#
# JRE version: OpenJDK Runtime Environment (21.0.6) (build 21.0.6+-13391695-b895.109)
# Java VM: OpenJDK 64-Bit Server VM (21.0.6+-13391695-b895.109, mixed mode, tiered, compressed oops, compressed class ptrs, g1 gc, windows-amd64)
# No core dump will be written. Minidumps are not enabled by default on client versions of Windows
#

---------------  S U M M A R Y ------------

Command Line: --add-opens=java.base/java.lang=ALL-UNNAMED --add-opens=java.base/java.lang.invoke=ALL-UNNAMED --add-opens=java.base/java.util=ALL-UNNAMED --add-opens=java.prefs/java.util.prefs=ALL-UNNAMED --add-exports=jdk.compiler/com.sun.tools.javac.api=ALL-UNNAMED --add-exports=jdk.compiler/com.sun.tools.javac.util=ALL-UNNAMED --add-opens=java.base/java.util=ALL-UNNAMED --add-opens=java.prefs/java.util.prefs=ALL-UNNAMED --add-opens=java.base/java.nio.charset=ALL-UNNAMED --add-opens=java.base/java.net=ALL-UNNAMED --add-opens=java.base/java.util.concurrent.atomic=ALL-UNNAMED --add-opens=java.xml/javax.xml.namespace=ALL-UNNAMED -Xmx2048m -Dfile.encoding=UTF-8 -Duser.country=BR -Duser.language=pt -Duser.variant -javaagent:C:\Users\robgo\.gradle\wrapper\dists\gradle-8.13-bin\5xuhj0ry160q40clulazy9h7d\gradle-8.13\lib\agents\gradle-instrumentation-agent-8.13.jar org.gradle.launcher.daemon.bootstrap.GradleDaemon 8.13

Host: 12th Gen Intel(R) Core(TM) i5-1235U, 12 cores, 7G,  Windows 11 , 64 bit Build 26100 (10.0.26100.5733)
Time: Tue Aug 12 01:13:36 2025 Hora Padrão da Bahia elapsed time: 68.489487 seconds (0d 0h 1m 8s)

---------------  T H R E A D  ---------------

Current thread (0x00000230adf17d90):  JavaThread "C2 CompilerThread1" daemon [_thread_in_native, id=14056, stack(0x000000bfa4e00000,0x000000bfa4f00000) (1024K)]


Current CompileTask:
C2:68489 17513       4       org.objectweb.asm.ClassReader::readCode (5117 bytes)

Stack: [0x000000bfa4e00000,0x000000bfa4f00000]
Native frames: (J=compiled Java code, j=interpreted, Vv=VM code, C=native code)
V  [jvm.dll+0x6d0639]
V  [jvm.dll+0x85eb03]
V  [jvm.dll+0x86105e]
V  [jvm.dll+0x861743]
V  [jvm.dll+0x27e6e6]
V  [jvm.dll+0xbff6d]
V  [jvm.dll+0xc04a3]
V  [jvm.dll+0x3b61ab]
V  [jvm.dll+0x1de684]
V  [jvm.dll+0x247dd4]
V  [jvm.dll+0x247251]
V  [jvm.dll+0x1c5f04]
V  [jvm.dll+0x2569ac]
V  [jvm.dll+0x254ef6]
V  [jvm.dll+0x3f0e96]
V  [jvm.dll+0x806ed8]
V  [jvm.dll+0x6cef0d]
C  [ucrtbase.dll+0x37b0]
C  [KERNEL32.DLL+0x2e8d7]
C  [ntdll.dll+0x128dc]


---------------  P R O C E S S  ---------------

Threads class SMR info:
_java_thread_list=0x00000230ad7bff80, length=100, elements={
0x0000023082db04a0, 0x000002309aa9dd10, 0x000002309aa9f2d0, 0x000002309aab3ed0,
0x000002309aae12d0, 0x000002309aae2890, 0x000002309aae3e50, 0x000002309aaeaf00,
0x000002309aaec500, 0x000002309a887880, 0x000002309ade54d0, 0x00000230a095a510,
0x000002309f08ae90, 0x00000230a06b4cc0, 0x00000230a0956640, 0x00000230a0956ca0,
0x00000230a09470e0, 0x00000230a05df790, 0x000002309fdb07c0, 0x000002309fdad9d0,
0x000002309fdaf410, 0x000002309fdb0e50, 0x000002309fdae060, 0x000002309fdae6f0,
0x000002309fdafaa0, 0x000002309fdaed80, 0x00000230a3b92aa0, 0x00000230a3b91d80,
0x00000230a3b92410, 0x00000230a3b93130, 0x00000230a3b91060, 0x00000230a3b937c0,
0x00000230a3b916f0, 0x00000230a3b965b0, 0x00000230a3b95200, 0x00000230a3b95890,
0x00000230a3b96c40, 0x00000230a3b972d0, 0x00000230a3b95f20, 0x00000230a3b944e0,
0x00000230a3b97ff0, 0x00000230a3b94b70, 0x00000230a3b6e690, 0x00000230a3b700d0,
0x00000230a3b6cc50, 0x00000230a3b6fa40, 0x00000230a3b70760, 0x00000230a3b6ed20,
0x00000230a3b6d2e0, 0x00000230a3b70df0, 0x00000230a3b6d970, 0x00000230a3b6e000,
0x00000230a3b72ec0, 0x00000230a3b72830, 0x00000230a3b71480, 0x00000230a3b71b10,
0x00000230a3b73550, 0x00000230a3b721a0, 0x00000230a3b73be0, 0x00000230a3b74270,
0x00000230a2f15210, 0x00000230a2f12ab0, 0x00000230a2f158a0, 0x00000230a2f13140,
0x00000230a2f13e60, 0x00000230af09fbd0, 0x00000230af09b3a0, 0x00000230af098c40,
0x00000230af099960, 0x00000230af09ad10, 0x00000230af09c750, 0x00000230af0992d0,
0x00000230af099ff0, 0x00000230af09db00, 0x00000230a2e673a0, 0x00000230a2e67a30,
0x00000230a2e66d10, 0x00000230a2e68750, 0x00000230a2e65960, 0x00000230a3b93e50,
0x000002309fdb0130, 0x00000230b02e0490, 0x00000230b02e1ed0, 0x00000230b02df0e0,
0x00000230b02dfe00, 0x00000230b02dea50, 0x00000230b02e0b20, 0x00000230b02e11b0,
0x00000230adf17d90, 0x00000230b02e2560, 0x00000230b02e2bf0, 0x00000230b02df770,
0x00000230b02e5350, 0x00000230b02e6070, 0x00000230b02e3910, 0x00000230b02e59e0,
0x00000230b02e3fa0, 0x00000230b02e4630, 0x00000230b0388380, 0x00000230b0389dc0
}

Java Threads: ( => current thread )
  0x0000023082db04a0 JavaThread "main"                              [_thread_blocked, id=5596, stack(0x000000bf9e300000,0x000000bf9e400000) (1024K)]
  0x000002309aa9dd10 JavaThread "Reference Handler"          daemon [_thread_blocked, id=7228, stack(0x000000bf9eb00000,0x000000bf9ec00000) (1024K)]
  0x000002309aa9f2d0 JavaThread "Finalizer"                  daemon [_thread_blocked, id=8736, stack(0x000000bf9ec00000,0x000000bf9ed00000) (1024K)]
  0x000002309aab3ed0 JavaThread "Signal Dispatcher"          daemon [_thread_blocked, id=21512, stack(0x000000bf9ed00000,0x000000bf9ee00000) (1024K)]
  0x000002309aae12d0 JavaThread "Attach Listener"            daemon [_thread_blocked, id=9248, stack(0x000000bf9ee00000,0x000000bf9ef00000) (1024K)]
  0x000002309aae2890 JavaThread "Service Thread"             daemon [_thread_blocked, id=15264, stack(0x000000bf9ef00000,0x000000bf9f000000) (1024K)]
  0x000002309aae3e50 JavaThread "Monitor Deflation Thread"   daemon [_thread_blocked, id=6424, stack(0x000000bf9f000000,0x000000bf9f100000) (1024K)]
  0x000002309aaeaf00 JavaThread "C2 CompilerThread0"         daemon [_thread_in_native, id=18220, stack(0x000000bf9f100000,0x000000bf9f200000) (1024K)]
  0x000002309aaec500 JavaThread "C1 CompilerThread0"         daemon [_thread_in_native, id=19748, stack(0x000000bf9f200000,0x000000bf9f300000) (1024K)]
  0x000002309a887880 JavaThread "Common-Cleaner"             daemon [_thread_blocked, id=8020, stack(0x000000bf9f300000,0x000000bf9f400000) (1024K)]
  0x000002309ade54d0 JavaThread "Notification Thread"        daemon [_thread_blocked, id=20664, stack(0x000000bf9f400000,0x000000bf9f500000) (1024K)]
  0x00000230a095a510 JavaThread "Daemon health stats"               [_thread_blocked, id=9576, stack(0x000000bf9fa00000,0x000000bf9fb00000) (1024K)]
  0x000002309f08ae90 JavaThread "Incoming local TCP Connector on port 52910"        [_thread_in_native, id=15576, stack(0x000000bf9fc00000,0x000000bf9fd00000) (1024K)]
  0x00000230a06b4cc0 JavaThread "Daemon periodic checks"            [_thread_blocked, id=20000, stack(0x000000bf9fd00000,0x000000bf9fe00000) (1024K)]
  0x00000230a0956640 JavaThread "Daemon"                            [_thread_blocked, id=21668, stack(0x000000bf9fe00000,0x000000bf9ff00000) (1024K)]
  0x00000230a0956ca0 JavaThread "Handler for socket connection from /127.0.0.1:52910 to /127.0.0.1:52911"        [_thread_in_native, id=2184, stack(0x000000bf9ff00000,0x000000bfa0000000) (1024K)]
  0x00000230a09470e0 JavaThread "Cancel handler"                    [_thread_blocked, id=18304, stack(0x000000bfa0000000,0x000000bfa0100000) (1024K)]
  0x00000230a05df790 JavaThread "Daemon worker"                     [_thread_in_native, id=4320, stack(0x000000bfa0100000,0x000000bfa0200000) (1024K)]
  0x000002309fdb07c0 JavaThread "Asynchronous log dispatcher for DefaultDaemonConnection: socket connection from /127.0.0.1:52910 to /127.0.0.1:52911"        [_thread_blocked, id=18136, stack(0x000000bfa0200000,0x000000bfa0300000) (1024K)]
  0x000002309fdad9d0 JavaThread "Stdin handler"                     [_thread_blocked, id=12104, stack(0x000000bfa0300000,0x000000bfa0400000) (1024K)]
  0x000002309fdaf410 JavaThread "Daemon client event forwarder"        [_thread_blocked, id=12212, stack(0x000000bfa0400000,0x000000bfa0500000) (1024K)]
  0x000002309fdb0e50 JavaThread "Cache worker for journal cache (C:\Users\robgo\.gradle\caches\journal-1)"        [_thread_blocked, id=14108, stack(0x000000bf9fb00000,0x000000bf9fc00000) (1024K)]
  0x000002309fdae060 JavaThread "File lock request listener"        [_thread_in_native, id=5944, stack(0x000000bfa0b00000,0x000000bfa0c00000) (1024K)]
  0x000002309fdae6f0 JavaThread "Cache worker for file hash cache (C:\Users\robgo\.gradle\caches\8.13\fileHashes)"        [_thread_in_vm, id=12264, stack(0x000000bfa0c00000,0x000000bfa0d00000) (1024K)]
  0x000002309fdafaa0 JavaThread "Cache worker for file hash cache (C:\Users\robgo\AndroidStudioProjects\IORITv\.gradle\8.13\fileHashes)"        [_thread_blocked, id=3124, stack(0x000000bfa0e00000,0x000000bfa0f00000) (1024K)]
  0x000002309fdaed80 JavaThread "Cache worker for Build Output Cleanup Cache (C:\Users\robgo\AndroidStudioProjects\IORITv\.gradle\buildOutputCleanup)"        [_thread_blocked, id=21940, stack(0x000000bfa0f00000,0x000000bfa1000000) (1024K)]
  0x00000230a3b92aa0 JavaThread "File watcher server"        daemon [_thread_in_native, id=22284, stack(0x000000bfa1000000,0x000000bfa1100000) (1024K)]
  0x00000230a3b91d80 JavaThread "File watcher consumer"      daemon [_thread_blocked, id=18104, stack(0x000000bfa1100000,0x000000bfa1200000) (1024K)]
  0x00000230a3b92410 JavaThread "jar transforms"                    [_thread_blocked, id=4808, stack(0x000000bfa1200000,0x000000bfa1300000) (1024K)]
  0x00000230a3b93130 JavaThread "jar transforms Thread 2"           [_thread_blocked, id=10224, stack(0x000000bfa1300000,0x000000bfa1400000) (1024K)]
  0x00000230a3b91060 JavaThread "jar transforms Thread 3"           [_thread_blocked, id=22176, stack(0x000000bfa1400000,0x000000bfa1500000) (1024K)]
  0x00000230a3b937c0 JavaThread "jar transforms Thread 4"           [_thread_blocked, id=16796, stack(0x000000bfa1500000,0x000000bfa1600000) (1024K)]
  0x00000230a3b916f0 JavaThread "jar transforms Thread 5"           [_thread_blocked, id=18252, stack(0x000000bfa1600000,0x000000bfa1700000) (1024K)]
  0x00000230a3b965b0 JavaThread "jar transforms Thread 6"           [_thread_blocked, id=6756, stack(0x000000bfa1700000,0x000000bfa1800000) (1024K)]
  0x00000230a3b95200 JavaThread "jar transforms Thread 7"           [_thread_blocked, id=5812, stack(0x000000bfa1800000,0x000000bfa1900000) (1024K)]
  0x00000230a3b95890 JavaThread "jar transforms Thread 8"           [_thread_blocked, id=10820, stack(0x000000bfa1900000,0x000000bfa1a00000) (1024K)]
  0x00000230a3b96c40 JavaThread "jar transforms Thread 9"           [_thread_blocked, id=21748, stack(0x000000bfa1a00000,0x000000bfa1b00000) (1024K)]
  0x00000230a3b972d0 JavaThread "jar transforms Thread 10"          [_thread_blocked, id=21716, stack(0x000000bfa1b00000,0x000000bfa1c00000) (1024K)]
  0x00000230a3b95f20 JavaThread "jar transforms Thread 11"          [_thread_blocked, id=13864, stack(0x000000bfa1c00000,0x000000bfa1d00000) (1024K)]
  0x00000230a3b944e0 JavaThread "jar transforms Thread 12"          [_thread_blocked, id=11072, stack(0x000000bfa1d00000,0x000000bfa1e00000) (1024K)]
  0x00000230a3b97ff0 JavaThread "Cache worker for checksums cache (C:\Users\robgo\AndroidStudioProjects\IORITv\.gradle\8.13\checksums)"        [_thread_blocked, id=11360, stack(0x000000bfa1e00000,0x000000bfa1f00000) (1024K)]
  0x00000230a3b94b70 JavaThread "Cache worker for file content cache (C:\Users\robgo\.gradle\caches\8.13\fileContent)"        [_thread_blocked, id=11308, stack(0x000000bfa1f00000,0x000000bfa2000000) (1024K)]
  0x00000230a3b6e690 JavaThread "Cache worker for cache directory md-supplier (C:\Users\robgo\.gradle\caches\8.13\md-supplier)"        [_thread_blocked, id=20364, stack(0x000000bfa2000000,0x000000bfa2100000) (1024K)]
  0x00000230a3b700d0 JavaThread "Cache worker for cache directory md-rule (C:\Users\robgo\.gradle\caches\8.13\md-rule)"        [_thread_blocked, id=8252, stack(0x000000bfa2100000,0x000000bfa2200000) (1024K)]
  0x00000230a3b6cc50 JavaThread "Unconstrained build operations"        [_thread_blocked, id=8424, stack(0x000000bfa0d00000,0x000000bfa0e00000) (1024K)]
  0x00000230a3b6fa40 JavaThread "Unconstrained build operations Thread 2"        [_thread_blocked, id=2556, stack(0x000000bfa2200000,0x000000bfa2300000) (1024K)]
  0x00000230a3b70760 JavaThread "Unconstrained build operations Thread 3"        [_thread_blocked, id=9780, stack(0x000000bfa2300000,0x000000bfa2400000) (1024K)]
  0x00000230a3b6ed20 JavaThread "Unconstrained build operations Thread 4"        [_thread_blocked, id=17720, stack(0x000000bfa2400000,0x000000bfa2500000) (1024K)]
  0x00000230a3b6d2e0 JavaThread "Unconstrained build operations Thread 5"        [_thread_blocked, id=13676, stack(0x000000bfa2500000,0x000000bfa2600000) (1024K)]
  0x00000230a3b70df0 JavaThread "Unconstrained build operations Thread 6"        [_thread_blocked, id=11880, stack(0x000000bfa2600000,0x000000bfa2700000) (1024K)]
  0x00000230a3b6d970 JavaThread "Unconstrained build operations Thread 7"        [_thread_blocked, id=16896, stack(0x000000bfa2700000,0x000000bfa2800000) (1024K)]
  0x00000230a3b6e000 JavaThread "Unconstrained build operations Thread 8"        [_thread_blocked, id=12716, stack(0x000000bfa2800000,0x000000bfa2900000) (1024K)]
  0x00000230a3b72ec0 JavaThread "Unconstrained build operations Thread 9"        [_thread_blocked, id=18120, stack(0x000000bfa2900000,0x000000bfa2a00000) (1024K)]
  0x00000230a3b72830 JavaThread "Unconstrained build operations Thread 10"        [_thread_blocked, id=10516, stack(0x000000bfa2a00000,0x000000bfa2b00000) (1024K)]
  0x00000230a3b71480 JavaThread "Unconstrained build operations Thread 11"        [_thread_blocked, id=16824, stack(0x000000bfa2b00000,0x000000bfa2c00000) (1024K)]
  0x00000230a3b71b10 JavaThread "Unconstrained build operations Thread 12"        [_thread_blocked, id=16960, stack(0x000000bfa2c00000,0x000000bfa2d00000) (1024K)]
  0x00000230a3b73550 JavaThread "Unconstrained build operations Thread 13"        [_thread_blocked, id=22148, stack(0x000000bfa2d00000,0x000000bfa2e00000) (1024K)]
  0x00000230a3b721a0 JavaThread "Unconstrained build operations Thread 14"        [_thread_blocked, id=2292, stack(0x000000bfa2e00000,0x000000bfa2f00000) (1024K)]
  0x00000230a3b73be0 JavaThread "Unconstrained build operations Thread 15"        [_thread_blocked, id=18700, stack(0x000000bfa2f00000,0x000000bfa3000000) (1024K)]
  0x00000230a3b74270 JavaThread "Unconstrained build operations Thread 16"        [_thread_blocked, id=19952, stack(0x000000bfa3000000,0x000000bfa3100000) (1024K)]
  0x00000230a2f15210 JavaThread "Unconstrained build operations Thread 17"        [_thread_blocked, id=7860, stack(0x000000bfa3100000,0x000000bfa3200000) (1024K)]
  0x00000230a2f12ab0 JavaThread "Unconstrained build operations Thread 18"        [_thread_blocked, id=716, stack(0x000000bfa3200000,0x000000bfa3300000) (1024K)]
  0x00000230a2f158a0 JavaThread "Unconstrained build operations Thread 19"        [_thread_blocked, id=21516, stack(0x000000bfa3300000,0x000000bfa3400000) (1024K)]
  0x00000230a2f13140 JavaThread "Unconstrained build operations Thread 20"        [_thread_blocked, id=16764, stack(0x000000bfa3400000,0x000000bfa3500000) (1024K)]
  0x00000230a2f13e60 JavaThread "Unconstrained build operations Thread 21"        [_thread_blocked, id=10076, stack(0x000000bfa3500000,0x000000bfa3600000) (1024K)]
  0x00000230af09fbd0 JavaThread "Kotlin DSL Writer"                 [_thread_blocked, id=19672, stack(0x000000bfa3700000,0x000000bfa3800000) (1024K)]
  0x00000230af09b3a0 JavaThread "Unconstrained build operations Thread 22"        [_thread_blocked, id=1980, stack(0x000000bfa3900000,0x000000bfa3a00000) (1024K)]
  0x00000230af098c40 JavaThread "Unconstrained build operations Thread 23"        [_thread_blocked, id=15384, stack(0x000000bfa3a00000,0x000000bfa3b00000) (1024K)]
  0x00000230af099960 JavaThread "Unconstrained build operations Thread 24"        [_thread_blocked, id=8352, stack(0x000000bfa3b00000,0x000000bfa3c00000) (1024K)]
  0x00000230af09ad10 JavaThread "Unconstrained build operations Thread 25"        [_thread_blocked, id=8344, stack(0x000000bfa3c00000,0x000000bfa3d00000) (1024K)]
  0x00000230af09c750 JavaThread "Unconstrained build operations Thread 26"        [_thread_blocked, id=17440, stack(0x000000bfa3d00000,0x000000bfa3e00000) (1024K)]
  0x00000230af0992d0 JavaThread "Unconstrained build operations Thread 27"        [_thread_blocked, id=12160, stack(0x000000bfa3e00000,0x000000bfa3f00000) (1024K)]
  0x00000230af099ff0 JavaThread "Unconstrained build operations Thread 28"        [_thread_blocked, id=10636, stack(0x000000bfa3f00000,0x000000bfa4000000) (1024K)]
  0x00000230af09db00 JavaThread "Unconstrained build operations Thread 29"        [_thread_blocked, id=10144, stack(0x000000bfa4000000,0x000000bfa4100000) (1024K)]
  0x00000230a2e673a0 JavaThread "Unconstrained build operations Thread 30"        [_thread_blocked, id=7536, stack(0x000000bfa4100000,0x000000bfa4200000) (1024K)]
  0x00000230a2e67a30 JavaThread "Unconstrained build operations Thread 31"        [_thread_blocked, id=11432, stack(0x000000bfa4200000,0x000000bfa4300000) (1024K)]
  0x00000230a2e66d10 JavaThread "Unconstrained build operations Thread 32"        [_thread_blocked, id=19656, stack(0x000000bfa4300000,0x000000bfa4400000) (1024K)]
  0x00000230a2e68750 JavaThread "Unconstrained build operations Thread 33"        [_thread_blocked, id=18404, stack(0x000000bfa3800000,0x000000bfa3900000) (1024K)]
  0x00000230a2e65960 JavaThread "Unconstrained build operations Thread 34"        [_thread_blocked, id=5236, stack(0x000000bfa4400000,0x000000bfa4500000) (1024K)]
  0x00000230a3b93e50 JavaThread "Unconstrained build operations Thread 35"        [_thread_blocked, id=12816, stack(0x000000bfa4500000,0x000000bfa4600000) (1024K)]
  0x000002309fdb0130 JavaThread "Unconstrained build operations Thread 36"        [_thread_blocked, id=19924, stack(0x000000bfa4600000,0x000000bfa4700000) (1024K)]
  0x00000230b02e0490 JavaThread "Unconstrained build operations Thread 37"        [_thread_blocked, id=5416, stack(0x000000bfa4700000,0x000000bfa4800000) (1024K)]
  0x00000230b02e1ed0 JavaThread "Unconstrained build operations Thread 38"        [_thread_blocked, id=14368, stack(0x000000bfa4800000,0x000000bfa4900000) (1024K)]
  0x00000230b02df0e0 JavaThread "Unconstrained build operations Thread 39"        [_thread_blocked, id=22488, stack(0x000000bfa4900000,0x000000bfa4a00000) (1024K)]
  0x00000230b02dfe00 JavaThread "Unconstrained build operations Thread 40"        [_thread_blocked, id=21532, stack(0x000000bfa4a00000,0x000000bfa4b00000) (1024K)]
  0x00000230b02dea50 JavaThread "Unconstrained build operations Thread 41"        [_thread_blocked, id=21764, stack(0x000000bfa4b00000,0x000000bfa4c00000) (1024K)]
  0x00000230b02e0b20 JavaThread "Unconstrained build operations Thread 42"        [_thread_blocked, id=15172, stack(0x000000bfa4c00000,0x000000bfa4d00000) (1024K)]
  0x00000230b02e11b0 JavaThread "Unconstrained build operations Thread 43"        [_thread_blocked, id=15984, stack(0x000000bfa4d00000,0x000000bfa4e00000) (1024K)]
=>0x00000230adf17d90 JavaThread "C2 CompilerThread1"         daemon [_thread_in_native, id=14056, stack(0x000000bfa4e00000,0x000000bfa4f00000) (1024K)]
  0x00000230b02e2560 JavaThread "Unconstrained build operations Thread 44"        [_thread_in_native, id=7596, stack(0x000000bfa4f00000,0x000000bfa5000000) (1024K)]
  0x00000230b02e2bf0 JavaThread "Unconstrained build operations Thread 45"        [_thread_in_Java, id=12424, stack(0x000000bfa5000000,0x000000bfa5100000) (1024K)]
  0x00000230b02df770 JavaThread "Unconstrained build operations Thread 46"        [_thread_in_native, id=3692, stack(0x000000bfa5100000,0x000000bfa5200000) (1024K)]
  0x00000230b02e5350 JavaThread "Unconstrained build operations Thread 47"        [_thread_in_native, id=19428, stack(0x000000bfa5200000,0x000000bfa5300000) (1024K)]
  0x00000230b02e6070 JavaThread "Unconstrained build operations Thread 48"        [_thread_blocked, id=1552, stack(0x000000bfa5300000,0x000000bfa5400000) (1024K)]
  0x00000230b02e3910 JavaThread "Unconstrained build operations Thread 49"        [_thread_in_Java, id=3924, stack(0x000000bfa5400000,0x000000bfa5500000) (1024K)]
  0x00000230b02e59e0 JavaThread "Unconstrained build operations Thread 50"        [_thread_in_native, id=17724, stack(0x000000bfa5500000,0x000000bfa5600000) (1024K)]
  0x00000230b02e3fa0 JavaThread "Unconstrained build operations Thread 51"        [_thread_in_native, id=12340, stack(0x000000bfa5600000,0x000000bfa5700000) (1024K)]
  0x00000230b02e4630 JavaThread "Unconstrained build operations Thread 52"        [_thread_in_Java, id=5640, stack(0x000000bfa5700000,0x000000bfa5800000) (1024K)]
  0x00000230b0388380 JavaThread "Unconstrained build operations Thread 53"        [_thread_in_Java, id=18944, stack(0x000000bfa5800000,0x000000bfa5900000) (1024K)]
  0x00000230b0389dc0 JavaThread "Unconstrained build operations Thread 54"        [_thread_in_Java, id=17428, stack(0x000000bfa5900000,0x000000bfa5a00000) (1024K)]
Total: 100

Other Threads:
  0x000002309a8caf80 VMThread "VM Thread"                           [id=5432, stack(0x000000bf9ea00000,0x000000bf9eb00000) (1024K)]
  0x000002309a885190 WatcherThread "VM Periodic Task Thread"        [id=23304, stack(0x000000bf9e900000,0x000000bf9ea00000) (1024K)]
  0x0000023082e063e0 WorkerThread "GC Thread#0"                     [id=6344, stack(0x000000bf9e400000,0x000000bf9e500000) (1024K)]
  0x000002309f2537a0 WorkerThread "GC Thread#1"                     [id=5844, stack(0x000000bf9f600000,0x000000bf9f700000) (1024K)]
  0x000002309f69d6d0 WorkerThread "GC Thread#2"                     [id=17108, stack(0x000000bf9f700000,0x000000bf9f800000) (1024K)]
  0x000002309fc1e390 WorkerThread "GC Thread#3"                     [id=8556, stack(0x000000bf9f500000,0x000000bf9f600000) (1024K)]
  0x000002309fc1e730 WorkerThread "GC Thread#4"                     [id=7568, stack(0x000000bf9f800000,0x000000bf9f900000) (1024K)]
  0x000002309fdc4bb0 WorkerThread "GC Thread#5"                     [id=16752, stack(0x000000bf9f900000,0x000000bf9fa00000) (1024K)]
  0x00000230a05e0650 WorkerThread "GC Thread#6"                     [id=16436, stack(0x000000bfa0500000,0x000000bfa0600000) (1024K)]
  0x000002309f48f110 WorkerThread "GC Thread#7"                     [id=5632, stack(0x000000bfa0600000,0x000000bfa0700000) (1024K)]
  0x000002309f48f4b0 WorkerThread "GC Thread#8"                     [id=15588, stack(0x000000bfa0700000,0x000000bfa0800000) (1024K)]
  0x000002309f48f850 WorkerThread "GC Thread#9"                     [id=10116, stack(0x000000bfa0800000,0x000000bfa0900000) (1024K)]
  0x0000023082e191c0 ConcurrentGCThread "G1 Main Marker"            [id=13464, stack(0x000000bf9e500000,0x000000bf9e600000) (1024K)]
  0x0000023082e1af50 WorkerThread "G1 Conc#0"                       [id=17488, stack(0x000000bf9e600000,0x000000bf9e700000) (1024K)]
  0x000002309f48fff0 WorkerThread "G1 Conc#1"                       [id=15668, stack(0x000000bfa0900000,0x000000bfa0a00000) (1024K)]
  0x000002309f490390 WorkerThread "G1 Conc#2"                       [id=21920, stack(0x000000bfa0a00000,0x000000bfa0b00000) (1024K)]
  0x000002309a753300 ConcurrentGCThread "G1 Refine#0"               [id=20692, stack(0x000000bf9e700000,0x000000bf9e800000) (1024K)]
  0x000002309a756b40 ConcurrentGCThread "G1 Service"                [id=4336, stack(0x000000bf9e800000,0x000000bf9e900000) (1024K)]
Total: 18

Threads with active compile tasks:
C2 CompilerThread0  68637 17651       4       java.io.BufferedOutputStream::implWrite (71 bytes)
C2 CompilerThread1  68638 17513       4       org.objectweb.asm.ClassReader::readCode (5117 bytes)
Total: 2

VM state: not at safepoint (normal execution)

VM Mutex/Monitor currently owned by a thread: None

Heap address: 0x0000000080000000, size: 2048 MB, Compressed Oops mode: 32-bit

CDS archive(s) not mapped
Compressed class space mapped at: 0x0000000100000000-0x0000000140000000, reserved size: 1073741824
Narrow klass base: 0x0000000000000000, Narrow klass shift: 3, Narrow klass range: 0x140000000

GC Precious Log:
 CardTable entry size: 512
 Card Set container configuration: InlinePtr #cards 5 size 8 Array Of Cards #cards 12 size 40 Howl #buckets 4 coarsen threshold 1843 Howl Bitmap #cards 512 size 80 coarsen threshold 460 Card regions per heap region 1 cards per card region 2048
 CPUs: 12 total, 12 available
 Memory: 7893M
 Large Page Support: Disabled
 NUMA Support: Disabled
 Compressed Oops: Enabled (32-bit)
 Heap Region Size: 1M
 Heap Min Capacity: 8M
 Heap Initial Capacity: 124M
 Heap Max Capacity: 2G
 Pre-touch: Disabled
 Parallel Workers: 10
 Concurrent Workers: 3
 Concurrent Refinement Workers: 10
 Periodic GC: Disabled

Heap:
 garbage-first heap   total 594944K, used 290245K [0x0000000080000000, 0x0000000100000000)
  region size 1024K, 45 young (46080K), 9 survivors (9216K)
 Metaspace       used 157965K, committed 160384K, reserved 1245184K
  class space    used 19905K, committed 21120K, reserved 1048576K

Heap Regions: E=young(eden), S=young(survivor), O=old, HS=humongous(starts), HC=humongous(continues), CS=collection set, F=free, TAMS=top-at-mark-start, PB=parsable bottom
|   0|0x0000000080000000, 0x0000000080100000, 0x0000000080100000|100%|HS|  |TAMS 0x0000000080000000| PB 0x0000000080000000| Complete 
|   1|0x0000000080100000, 0x0000000080200000, 0x0000000080200000|100%|HC|  |TAMS 0x0000000080100000| PB 0x0000000080100000| Complete 
|   2|0x0000000080200000, 0x0000000080300000, 0x0000000080300000|100%|HC|  |TAMS 0x0000000080200000| PB 0x0000000080200000| Complete 
|   3|0x0000000080300000, 0x0000000080400000, 0x0000000080400000|100%| O|  |TAMS 0x0000000080300000| PB 0x0000000080300000| Untracked 
|   4|0x0000000080400000, 0x0000000080500000, 0x0000000080500000|100%| O|  |TAMS 0x0000000080400000| PB 0x0000000080400000| Untracked 
|   5|0x0000000080500000, 0x0000000080600000, 0x0000000080600000|100%| O|  |TAMS 0x0000000080500000| PB 0x0000000080500000| Untracked 
|   6|0x0000000080600000, 0x0000000080700000, 0x0000000080700000|100%|HS|  |TAMS 0x0000000080600000| PB 0x0000000080600000| Complete 
|   7|0x0000000080700000, 0x0000000080800000, 0x0000000080800000|100%| O|  |TAMS 0x0000000080700000| PB 0x0000000080700000| Untracked 
|   8|0x0000000080800000, 0x0000000080900000, 0x0000000080900000|100%| O|  |TAMS 0x0000000080800000| PB 0x0000000080800000| Untracked 
|   9|0x0000000080900000, 0x0000000080a00000, 0x0000000080a00000|100%| O|  |TAMS 0x0000000080900000| PB 0x0000000080900000| Untracked 
|  10|0x0000000080a00000, 0x0000000080b00000, 0x0000000080b00000|100%| O|  |TAMS 0x0000000080a00000| PB 0x0000000080a00000| Untracked 
|  11|0x0000000080b00000, 0x0000000080c00000, 0x0000000080c00000|100%| O|  |TAMS 0x0000000080b00000| PB 0x0000000080b00000| Untracked 
|  12|0x0000000080c00000, 0x0000000080d00000, 0x0000000080d00000|100%| O|  |TAMS 0x0000000080c00000| PB 0x0000000080c00000| Untracked 
|  13|0x0000000080d00000, 0x0000000080e00000, 0x0000000080e00000|100%| O|  |TAMS 0x0000000080d00000| PB 0x0000000080d00000| Untracked 
|  14|0x0000000080e00000, 0x0000000080f00000, 0x0000000080f00000|100%| O|  |TAMS 0x0000000080e00000| PB 0x0000000080e00000| Untracked 
|  15|0x0000000080f00000, 0x0000000081000000, 0x0000000081000000|100%| O|  |TAMS 0x0000000080f00000| PB 0x0000000080f00000| Untracked 
|  16|0x0000000081000000, 0x0000000081100000, 0x0000000081100000|100%| O|  |TAMS 0x0000000081000000| PB 0x0000000081000000| Untracked 
|  17|0x0000000081100000, 0x0000000081200000, 0x0000000081200000|100%|HS|  |TAMS 0x0000000081100000| PB 0x0000000081100000| Complete 
|  18|0x0000000081200000, 0x0000000081300000, 0x0000000081300000|100%|HC|  |TAMS 0x0000000081200000| PB 0x0000000081200000| Complete 
|  19|0x0000000081300000, 0x0000000081400000, 0x0000000081400000|100%|HC|  |TAMS 0x0000000081300000| PB 0x0000000081300000| Complete 
|  20|0x0000000081400000, 0x0000000081500000, 0x0000000081500000|100%|HC|  |TAMS 0x0000000081400000| PB 0x0000000081400000| Complete 
|  21|0x0000000081500000, 0x0000000081600000, 0x0000000081600000|100%|HC|  |TAMS 0x0000000081500000| PB 0x0000000081500000| Complete 
|  22|0x0000000081600000, 0x0000000081700000, 0x0000000081700000|100%|HC|  |TAMS 0x0000000081600000| PB 0x0000000081600000| Complete 
|  23|0x0000000081700000, 0x0000000081800000, 0x0000000081800000|100%|HS|  |TAMS 0x0000000081700000| PB 0x0000000081700000| Complete 
|  24|0x0000000081800000, 0x0000000081900000, 0x0000000081900000|100%|HS|  |TAMS 0x0000000081800000| PB 0x0000000081800000| Complete 
|  25|0x0000000081900000, 0x0000000081a00000, 0x0000000081a00000|100%|HC|  |TAMS 0x0000000081900000| PB 0x0000000081900000| Complete 
|  26|0x0000000081a00000, 0x0000000081b00000, 0x0000000081b00000|100%|HC|  |TAMS 0x0000000081a00000| PB 0x0000000081a00000| Complete 
|  27|0x0000000081b00000, 0x0000000081c00000, 0x0000000081c00000|100%|HC|  |TAMS 0x0000000081b00000| PB 0x0000000081b00000| Complete 
|  28|0x0000000081c00000, 0x0000000081d00000, 0x0000000081d00000|100%|HS|  |TAMS 0x0000000081c00000| PB 0x0000000081c00000| Complete 
|  29|0x0000000081d00000, 0x0000000081e00000, 0x0000000081e00000|100%|HC|  |TAMS 0x0000000081d00000| PB 0x0000000081d00000| Complete 
|  30|0x0000000081e00000, 0x0000000081f00000, 0x0000000081f00000|100%|HS|  |TAMS 0x0000000081e00000| PB 0x0000000081e00000| Complete 
|  31|0x0000000081f00000, 0x0000000082000000, 0x0000000082000000|100%|HS|  |TAMS 0x0000000081f00000| PB 0x0000000081f00000| Complete 
|  32|0x0000000082000000, 0x0000000082100000, 0x0000000082100000|100%|HC|  |TAMS 0x0000000082000000| PB 0x0000000082000000| Complete 
|  33|0x0000000082100000, 0x0000000082200000, 0x0000000082200000|100%|HC|  |TAMS 0x0000000082100000| PB 0x0000000082100000| Complete 
|  34|0x0000000082200000, 0x0000000082300000, 0x0000000082300000|100%|HC|  |TAMS 0x0000000082200000| PB 0x0000000082200000| Complete 
|  35|0x0000000082300000, 0x0000000082400000, 0x0000000082400000|100%|HC|  |TAMS 0x0000000082300000| PB 0x0000000082300000| Complete 
|  36|0x0000000082400000, 0x0000000082500000, 0x0000000082500000|100%|HC|  |TAMS 0x0000000082400000| PB 0x0000000082400000| Complete 
|  37|0x0000000082500000, 0x0000000082600000, 0x0000000082600000|100%|HS|  |TAMS 0x0000000082500000| PB 0x0000000082500000| Complete 
|  38|0x0000000082600000, 0x0000000082700000, 0x0000000082700000|100%|HS|  |TAMS 0x0000000082600000| PB 0x0000000082600000| Complete 
|  39|0x0000000082700000, 0x0000000082800000, 0x0000000082800000|100%|HC|  |TAMS 0x0000000082700000| PB 0x0000000082700000| Complete 
|  40|0x0000000082800000, 0x0000000082900000, 0x0000000082900000|100%|HC|  |TAMS 0x0000000082800000| PB 0x0000000082800000| Complete 
|  41|0x0000000082900000, 0x0000000082a00000, 0x0000000082a00000|100%|HC|  |TAMS 0x0000000082900000| PB 0x0000000082900000| Complete 
|  42|0x0000000082a00000, 0x0000000082b00000, 0x0000000082b00000|100%|HS|  |TAMS 0x0000000082a00000| PB 0x0000000082a00000| Complete 
|  43|0x0000000082b00000, 0x0000000082c00000, 0x0000000082c00000|100%|HC|  |TAMS 0x0000000082b00000| PB 0x0000000082b00000| Complete 
|  44|0x0000000082c00000, 0x0000000082d00000, 0x0000000082d00000|100%|HS|  |TAMS 0x0000000082c00000| PB 0x0000000082c00000| Complete 
|  45|0x0000000082d00000, 0x0000000082e00000, 0x0000000082e00000|100%| O|  |TAMS 0x0000000082d00000| PB 0x0000000082d00000| Untracked 
|  46|0x0000000082e00000, 0x0000000082f00000, 0x0000000082f00000|100%| O|  |TAMS 0x0000000082e00000| PB 0x0000000082e00000| Untracked 
|  47|0x0000000082f00000, 0x0000000083000000, 0x0000000083000000|100%| O|  |TAMS 0x0000000082f00000| PB 0x0000000082f00000| Untracked 
|  48|0x0000000083000000, 0x0000000083100000, 0x0000000083100000|100%| O|  |TAMS 0x0000000083000000| PB 0x0000000083000000| Untracked 
|  49|0x0000000083100000, 0x0000000083200000, 0x0000000083200000|100%| O|  |TAMS 0x0000000083100000| PB 0x0000000083100000| Untracked 
|  50|0x0000000083200000, 0x0000000083300000, 0x0000000083300000|100%| O|  |TAMS 0x0000000083200000| PB 0x0000000083200000| Untracked 
|  51|0x0000000083300000, 0x0000000083400000, 0x0000000083400000|100%| O|  |TAMS 0x0000000083300000| PB 0x0000000083300000| Untracked 
|  52|0x0000000083400000, 0x0000000083500000, 0x0000000083500000|100%| O|  |TAMS 0x0000000083400000| PB 0x0000000083400000| Untracked 
|  53|0x0000000083500000, 0x0000000083600000, 0x0000000083600000|100%| O|  |TAMS 0x0000000083500000| PB 0x0000000083500000| Untracked 
|  54|0x0000000083600000, 0x0000000083700000, 0x0000000083700000|100%| O|  |TAMS 0x0000000083600000| PB 0x0000000083600000| Untracked 
|  55|0x0000000083700000, 0x0000000083800000, 0x0000000083800000|100%| O|  |TAMS 0x0000000083700000| PB 0x0000000083700000| Untracked 
|  56|0x0000000083800000, 0x0000000083900000, 0x0000000083900000|100%| O|  |TAMS 0x0000000083800000| PB 0x0000000083800000| Untracked 
|  57|0x0000000083900000, 0x0000000083a00000, 0x0000000083a00000|100%| O|  |TAMS 0x0000000083900000| PB 0x0000000083900000| Untracked 
|  58|0x0000000083a00000, 0x0000000083b00000, 0x0000000083b00000|100%| O|  |TAMS 0x0000000083a00000| PB 0x0000000083a00000| Untracked 
|  59|0x0000000083b00000, 0x0000000083c00000, 0x0000000083c00000|100%| O|  |TAMS 0x0000000083b00000| PB 0x0000000083b00000| Untracked 
|  60|0x0000000083c00000, 0x0000000083d00000, 0x0000000083d00000|100%|HS|  |TAMS 0x0000000083c00000| PB 0x0000000083c00000| Complete 
|  61|0x0000000083d00000, 0x0000000083e00000, 0x0000000083e00000|100%|HC|  |TAMS 0x0000000083d00000| PB 0x0000000083d00000| Complete 
|  62|0x0000000083e00000, 0x0000000083f00000, 0x0000000083f00000|100%|HS|  |TAMS 0x0000000083e00000| PB 0x0000000083e00000| Complete 
|  63|0x0000000083f00000, 0x0000000084000000, 0x0000000084000000|100%|HC|  |TAMS 0x0000000083f00000| PB 0x0000000083f00000| Complete 
|  64|0x0000000084000000, 0x0000000084100000, 0x0000000084100000|100%|HC|  |TAMS 0x0000000084000000| PB 0x0000000084000000| Complete 
|  65|0x0000000084100000, 0x0000000084200000, 0x0000000084200000|100%|HC|  |TAMS 0x0000000084100000| PB 0x0000000084100000| Complete 
|  66|0x0000000084200000, 0x0000000084300000, 0x0000000084300000|100%|HC|  |TAMS 0x0000000084200000| PB 0x0000000084200000| Complete 
|  67|0x0000000084300000, 0x0000000084400000, 0x0000000084400000|100%|HC|  |TAMS 0x0000000084300000| PB 0x0000000084300000| Complete 
|  68|0x0000000084400000, 0x0000000084500000, 0x0000000084500000|100%|HS|  |TAMS 0x0000000084400000| PB 0x0000000084400000| Complete 
|  69|0x0000000084500000, 0x0000000084600000, 0x0000000084600000|100%|HS|  |TAMS 0x0000000084500000| PB 0x0000000084500000| Complete 
|  70|0x0000000084600000, 0x0000000084700000, 0x0000000084700000|100%|HC|  |TAMS 0x0000000084600000| PB 0x0000000084600000| Complete 
|  71|0x0000000084700000, 0x0000000084800000, 0x0000000084800000|100%|HC|  |TAMS 0x0000000084700000| PB 0x0000000084700000| Complete 
|  72|0x0000000084800000, 0x0000000084900000, 0x0000000084900000|100%|HC|  |TAMS 0x0000000084800000| PB 0x0000000084800000| Complete 
|  73|0x0000000084900000, 0x0000000084a00000, 0x0000000084a00000|100%|HC|  |TAMS 0x0000000084900000| PB 0x0000000084900000| Complete 
|  74|0x0000000084a00000, 0x0000000084b00000, 0x0000000084b00000|100%|HC|  |TAMS 0x0000000084a00000| PB 0x0000000084a00000| Complete 
|  75|0x0000000084b00000, 0x0000000084c00000, 0x0000000084c00000|100%|HS|  |TAMS 0x0000000084b00000| PB 0x0000000084b00000| Complete 
|  76|0x0000000084c00000, 0x0000000084d00000, 0x0000000084d00000|100%| O|  |TAMS 0x0000000084c00000| PB 0x0000000084c00000| Untracked 
|  77|0x0000000084d00000, 0x0000000084e00000, 0x0000000084e00000|100%| O|  |TAMS 0x0000000084d00000| PB 0x0000000084d00000| Untracked 
|  78|0x0000000084e00000, 0x0000000084f00000, 0x0000000084f00000|100%| O|  |TAMS 0x0000000084e00000| PB 0x0000000084e00000| Untracked 
|  79|0x0000000084f00000, 0x0000000085000000, 0x0000000085000000|100%| O|  |TAMS 0x0000000084f00000| PB 0x0000000084f00000| Untracked 
|  80|0x0000000085000000, 0x0000000085100000, 0x0000000085100000|100%| O|  |TAMS 0x0000000085000000| PB 0x0000000085000000| Untracked 
|  81|0x0000000085100000, 0x0000000085200000, 0x0000000085200000|100%| O|  |TAMS 0x0000000085100000| PB 0x0000000085100000| Untracked 
|  82|0x0000000085200000, 0x0000000085300000, 0x0000000085300000|100%| O|  |TAMS 0x0000000085200000| PB 0x0000000085200000| Untracked 
|  83|0x0000000085300000, 0x0000000085400000, 0x0000000085400000|100%| O|  |TAMS 0x0000000085300000| PB 0x0000000085300000| Untracked 
|  84|0x0000000085400000, 0x0000000085500000, 0x0000000085500000|100%| O|  |TAMS 0x0000000085400000| PB 0x0000000085400000| Untracked 
|  85|0x0000000085500000, 0x0000000085600000, 0x0000000085600000|100%|HS|  |TAMS 0x0000000085500000| PB 0x0000000085500000| Complete 
|  86|0x0000000085600000, 0x0000000085700000, 0x0000000085700000|100%|HC|  |TAMS 0x0000000085600000| PB 0x0000000085600000| Complete 
|  87|0x0000000085700000, 0x0000000085800000, 0x0000000085800000|100%|HC|  |TAMS 0x0000000085700000| PB 0x0000000085700000| Complete 
|  88|0x0000000085800000, 0x0000000085900000, 0x0000000085900000|100%|HC|  |TAMS 0x0000000085800000| PB 0x0000000085800000| Complete 
|  89|0x0000000085900000, 0x0000000085a00000, 0x0000000085a00000|100%|HC|  |TAMS 0x0000000085900000| PB 0x0000000085900000| Complete 
|  90|0x0000000085a00000, 0x0000000085b00000, 0x0000000085b00000|100%|HC|  |TAMS 0x0000000085a00000| PB 0x0000000085a00000| Complete 
|  91|0x0000000085b00000, 0x0000000085c00000, 0x0000000085c00000|100%|HS|  |TAMS 0x0000000085b00000| PB 0x0000000085b00000| Complete 
|  92|0x0000000085c00000, 0x0000000085d00000, 0x0000000085d00000|100%| O|  |TAMS 0x0000000085c00000| PB 0x0000000085c00000| Untracked 
|  93|0x0000000085d00000, 0x0000000085e00000, 0x0000000085e00000|100%| O|  |TAMS 0x0000000085d00000| PB 0x0000000085d00000| Untracked 
|  94|0x0000000085e00000, 0x0000000085f00000, 0x0000000085f00000|100%| O|  |TAMS 0x0000000085e00000| PB 0x0000000085e00000| Untracked 
|  95|0x0000000085f00000, 0x0000000086000000, 0x0000000086000000|100%| O|  |TAMS 0x0000000085f00000| PB 0x0000000085f00000| Untracked 
|  96|0x0000000086000000, 0x0000000086100000, 0x0000000086100000|100%| O|  |TAMS 0x0000000086000000| PB 0x0000000086000000| Untracked 
|  97|0x0000000086100000, 0x0000000086200000, 0x0000000086200000|100%| O|  |TAMS 0x0000000086100000| PB 0x0000000086100000| Untracked 
|  98|0x0000000086200000, 0x0000000086300000, 0x0000000086300000|100%| O|  |TAMS 0x0000000086200000| PB 0x0000000086200000| Untracked 
|  99|0x0000000086300000, 0x0000000086400000, 0x0000000086400000|100%| O|  |TAMS 0x0000000086300000| PB 0x0000000086300000| Untracked 
| 100|0x0000000086400000, 0x0000000086500000, 0x0000000086500000|100%| O|  |TAMS 0x0000000086400000| PB 0x0000000086400000| Untracked 
| 101|0x0000000086500000, 0x0000000086600000, 0x0000000086600000|100%| O|  |TAMS 0x0000000086500000| PB 0x0000000086500000| Untracked 
| 102|0x0000000086600000, 0x0000000086700000, 0x0000000086700000|100%| O|  |TAMS 0x0000000086600000| PB 0x0000000086600000| Untracked 
| 103|0x0000000086700000, 0x0000000086800000, 0x0000000086800000|100%| O|Cm|TAMS 0x0000000086700000| PB 0x0000000086700000| Complete 
| 104|0x0000000086800000, 0x0000000086900000, 0x0000000086900000|100%| O|  |TAMS 0x0000000086800000| PB 0x0000000086800000| Untracked 
| 105|0x0000000086900000, 0x0000000086a00000, 0x0000000086a00000|100%| O|Cm|TAMS 0x0000000086900000| PB 0x0000000086900000| Complete 
| 106|0x0000000086a00000, 0x0000000086b00000, 0x0000000086b00000|100%| O|  |TAMS 0x0000000086a00000| PB 0x0000000086a00000| Untracked 
| 107|0x0000000086b00000, 0x0000000086c00000, 0x0000000086c00000|100%| O|  |TAMS 0x0000000086b00000| PB 0x0000000086b00000| Untracked 
| 108|0x0000000086c00000, 0x0000000086d00000, 0x0000000086d00000|100%| O|  |TAMS 0x0000000086c00000| PB 0x0000000086c00000| Untracked 
| 109|0x0000000086d00000, 0x0000000086e00000, 0x0000000086e00000|100%| O|  |TAMS 0x0000000086d00000| PB 0x0000000086d00000| Untracked 
| 110|0x0000000086e00000, 0x0000000086f00000, 0x0000000086f00000|100%| O|  |TAMS 0x0000000086e00000| PB 0x0000000086e00000| Untracked 
| 111|0x0000000086f00000, 0x0000000087000000, 0x0000000087000000|100%| O|  |TAMS 0x0000000086f00000| PB 0x0000000086f00000| Untracked 
| 112|0x0000000087000000, 0x0000000087100000, 0x0000000087100000|100%| O|Cm|TAMS 0x0000000087000000| PB 0x0000000087000000| Complete 
| 113|0x0000000087100000, 0x0000000087200000, 0x0000000087200000|100%| O|  |TAMS 0x0000000087100000| PB 0x0000000087100000| Untracked 
| 114|0x0000000087200000, 0x0000000087300000, 0x0000000087300000|100%| O|  |TAMS 0x0000000087200000| PB 0x0000000087200000| Untracked 
| 115|0x0000000087300000, 0x0000000087400000, 0x0000000087400000|100%| O|  |TAMS 0x0000000087300000| PB 0x0000000087300000| Untracked 
| 116|0x0000000087400000, 0x0000000087500000, 0x0000000087500000|100%| O|  |TAMS 0x0000000087400000| PB 0x0000000087400000| Untracked 
| 117|0x0000000087500000, 0x0000000087600000, 0x0000000087600000|100%| O|  |TAMS 0x0000000087500000| PB 0x0000000087500000| Untracked 
| 118|0x0000000087600000, 0x0000000087700000, 0x0000000087700000|100%| O|  |TAMS 0x0000000087600000| PB 0x0000000087600000| Untracked 
| 119|0x0000000087700000, 0x0000000087800000, 0x0000000087800000|100%| O|  |TAMS 0x0000000087700000| PB 0x0000000087700000| Untracked 
| 120|0x0000000087800000, 0x0000000087900000, 0x0000000087900000|100%| O|  |TAMS 0x0000000087800000| PB 0x0000000087800000| Untracked 
| 121|0x0000000087900000, 0x0000000087a00000, 0x0000000087a00000|100%| O|  |TAMS 0x0000000087900000| PB 0x0000000087900000| Untracked 
| 122|0x0000000087a00000, 0x0000000087b00000, 0x0000000087b00000|100%| O|  |TAMS 0x0000000087a00000| PB 0x0000000087a00000| Untracked 
| 123|0x0000000087b00000, 0x0000000087c00000, 0x0000000087c00000|100%| O|  |TAMS 0x0000000087b00000| PB 0x0000000087b00000| Untracked 
| 124|0x0000000087c00000, 0x0000000087d00000, 0x0000000087d00000|100%| O|  |TAMS 0x0000000087c00000| PB 0x0000000087c00000| Untracked 
| 125|0x0000000087d00000, 0x0000000087e00000, 0x0000000087e00000|100%| O|  |TAMS 0x0000000087d00000| PB 0x0000000087d00000| Untracked 
| 126|0x0000000087e00000, 0x0000000087f00000, 0x0000000087f00000|100%| O|  |TAMS 0x0000000087e00000| PB 0x0000000087e00000| Untracked 
| 127|0x0000000087f00000, 0x0000000088000000, 0x0000000088000000|100%| O|  |TAMS 0x0000000087f00000| PB 0x0000000087f00000| Untracked 
| 128|0x0000000088000000, 0x0000000088100000, 0x0000000088100000|100%| O|  |TAMS 0x0000000088000000| PB 0x0000000088000000| Untracked 
| 129|0x0000000088100000, 0x0000000088200000, 0x0000000088200000|100%| O|  |TAMS 0x0000000088100000| PB 0x0000000088100000| Untracked 
| 130|0x0000000088200000, 0x0000000088300000, 0x0000000088300000|100%| O|  |TAMS 0x0000000088200000| PB 0x0000000088200000| Untracked 
| 131|0x0000000088300000, 0x0000000088400000, 0x0000000088400000|100%| O|  |TAMS 0x0000000088300000| PB 0x0000000088300000| Untracked 
| 132|0x0000000088400000, 0x0000000088500000, 0x0000000088500000|100%| O|  |TAMS 0x0000000088400000| PB 0x0000000088400000| Untracked 
| 133|0x0000000088500000, 0x0000000088600000, 0x0000000088600000|100%| O|  |TAMS 0x0000000088500000| PB 0x0000000088500000| Untracked 
| 134|0x0000000088600000, 0x0000000088700000, 0x0000000088700000|100%| O|  |TAMS 0x0000000088600000| PB 0x0000000088600000| Untracked 
| 135|0x0000000088700000, 0x0000000088800000, 0x0000000088800000|100%| O|  |TAMS 0x0000000088700000| PB 0x0000000088700000| Untracked 
| 136|0x0000000088800000, 0x0000000088900000, 0x0000000088900000|100%| O|  |TAMS 0x0000000088800000| PB 0x0000000088800000| Untracked 
| 137|0x0000000088900000, 0x0000000088a00000, 0x0000000088a00000|100%| O|  |TAMS 0x0000000088900000| PB 0x0000000088900000| Untracked 
| 138|0x0000000088a00000, 0x0000000088b00000, 0x0000000088b00000|100%| O|  |TAMS 0x0000000088a00000| PB 0x0000000088a00000| Untracked 
| 139|0x0000000088b00000, 0x0000000088c00000, 0x0000000088c00000|100%| O|  |TAMS 0x0000000088b00000| PB 0x0000000088b00000| Untracked 
| 140|0x0000000088c00000, 0x0000000088d00000, 0x0000000088d00000|100%| O|  |TAMS 0x0000000088c00000| PB 0x0000000088c00000| Untracked 
| 141|0x0000000088d00000, 0x0000000088e00000, 0x0000000088e00000|100%| O|  |TAMS 0x0000000088d00000| PB 0x0000000088d00000| Untracked 
| 142|0x0000000088e00000, 0x0000000088f00000, 0x0000000088f00000|100%| O|  |TAMS 0x0000000088e00000| PB 0x0000000088e00000| Untracked 
| 143|0x0000000088f00000, 0x0000000089000000, 0x0000000089000000|100%| O|  |TAMS 0x0000000088f00000| PB 0x0000000088f00000| Untracked 
| 144|0x0000000089000000, 0x0000000089100000, 0x0000000089100000|100%| O|  |TAMS 0x0000000089000000| PB 0x0000000089000000| Untracked 
| 145|0x0000000089100000, 0x0000000089200000, 0x0000000089200000|100%| O|  |TAMS 0x0000000089100000| PB 0x0000000089100000| Untracked 
| 146|0x0000000089200000, 0x0000000089300000, 0x0000000089300000|100%| O|  |TAMS 0x0000000089200000| PB 0x0000000089200000| Untracked 
| 147|0x0000000089300000, 0x0000000089400000, 0x0000000089400000|100%| O|  |TAMS 0x0000000089300000| PB 0x0000000089300000| Untracked 
| 148|0x0000000089400000, 0x0000000089500000, 0x0000000089500000|100%| O|  |TAMS 0x0000000089400000| PB 0x0000000089400000| Untracked 
| 149|0x0000000089500000, 0x0000000089600000, 0x0000000089600000|100%| O|  |TAMS 0x0000000089500000| PB 0x0000000089500000| Untracked 
| 150|0x0000000089600000, 0x0000000089700000, 0x0000000089700000|100%| O|Cm|TAMS 0x0000000089600000| PB 0x0000000089600000| Complete 
| 151|0x0000000089700000, 0x0000000089800000, 0x0000000089800000|100%| O|  |TAMS 0x0000000089700000| PB 0x0000000089700000| Untracked 
| 152|0x0000000089800000, 0x0000000089900000, 0x0000000089900000|100%| O|  |TAMS 0x0000000089800000| PB 0x0000000089800000| Untracked 
| 153|0x0000000089900000, 0x0000000089a00000, 0x0000000089a00000|100%| O|  |TAMS 0x0000000089900000| PB 0x0000000089900000| Untracked 
| 154|0x0000000089a00000, 0x0000000089b00000, 0x0000000089b00000|100%| O|  |TAMS 0x0000000089a00000| PB 0x0000000089a00000| Untracked 
| 155|0x0000000089b00000, 0x0000000089c00000, 0x0000000089c00000|100%| O|Cm|TAMS 0x0000000089b00000| PB 0x0000000089b00000| Complete 
| 156|0x0000000089c00000, 0x0000000089d00000, 0x0000000089d00000|100%| O|Cm|TAMS 0x0000000089c00000| PB 0x0000000089c00000| Complete 
| 157|0x0000000089d00000, 0x0000000089e00000, 0x0000000089e00000|100%|HS|  |TAMS 0x0000000089d00000| PB 0x0000000089d00000| Complete 
| 158|0x0000000089e00000, 0x0000000089f00000, 0x0000000089f00000|100%| O|  |TAMS 0x0000000089e00000| PB 0x0000000089e00000| Untracked 
| 159|0x0000000089f00000, 0x000000008a000000, 0x000000008a000000|100%| O|  |TAMS 0x0000000089f00000| PB 0x0000000089f00000| Untracked 
| 160|0x000000008a000000, 0x000000008a100000, 0x000000008a100000|100%| O|  |TAMS 0x000000008a000000| PB 0x000000008a000000| Untracked 
| 161|0x000000008a100000, 0x000000008a200000, 0x000000008a200000|100%| O|  |TAMS 0x000000008a100000| PB 0x000000008a100000| Untracked 
| 162|0x000000008a200000, 0x000000008a300000, 0x000000008a300000|100%| O|  |TAMS 0x000000008a200000| PB 0x000000008a200000| Untracked 
| 163|0x000000008a300000, 0x000000008a400000, 0x000000008a400000|100%| O|  |TAMS 0x000000008a300000| PB 0x000000008a300000| Untracked 
| 164|0x000000008a400000, 0x000000008a500000, 0x000000008a500000|100%| O|  |TAMS 0x000000008a400000| PB 0x000000008a400000| Untracked 
| 165|0x000000008a500000, 0x000000008a600000, 0x000000008a600000|100%| O|  |TAMS 0x000000008a500000| PB 0x000000008a500000| Untracked 
| 166|0x000000008a600000, 0x000000008a700000, 0x000000008a700000|100%| O|  |TAMS 0x000000008a600000| PB 0x000000008a600000| Untracked 
| 167|0x000000008a700000, 0x000000008a800000, 0x000000008a800000|100%| O|  |TAMS 0x000000008a700000| PB 0x000000008a700000| Untracked 
| 168|0x000000008a800000, 0x000000008a900000, 0x000000008a900000|100%| O|  |TAMS 0x000000008a800000| PB 0x000000008a800000| Untracked 
| 169|0x000000008a900000, 0x000000008a900000, 0x000000008aa00000|  0%| F|  |TAMS 0x000000008a900000| PB 0x000000008a900000| Untracked 
| 170|0x000000008aa00000, 0x000000008ab00000, 0x000000008ab00000|100%| O|  |TAMS 0x000000008aa00000| PB 0x000000008aa00000| Untracked 
| 171|0x000000008ab00000, 0x000000008ac00000, 0x000000008ac00000|100%| O|  |TAMS 0x000000008ab00000| PB 0x000000008ab00000| Untracked 
| 172|0x000000008ac00000, 0x000000008ad00000, 0x000000008ad00000|100%| O|  |TAMS 0x000000008ac00000| PB 0x000000008ac00000| Untracked 
| 173|0x000000008ad00000, 0x000000008ae00000, 0x000000008ae00000|100%| O|  |TAMS 0x000000008ad00000| PB 0x000000008ad00000| Untracked 
| 174|0x000000008ae00000, 0x000000008af00000, 0x000000008af00000|100%| O|  |TAMS 0x000000008ae00000| PB 0x000000008ae00000| Untracked 
| 175|0x000000008af00000, 0x000000008af00000, 0x000000008b000000|  0%| F|  |TAMS 0x000000008af00000| PB 0x000000008af00000| Untracked 
| 176|0x000000008b000000, 0x000000008b000000, 0x000000008b100000|  0%| F|  |TAMS 0x000000008b000000| PB 0x000000008b000000| Untracked 
| 177|0x000000008b100000, 0x000000008b200000, 0x000000008b200000|100%| O|  |TAMS 0x000000008b100000| PB 0x000000008b100000| Untracked 
| 178|0x000000008b200000, 0x000000008b200000, 0x000000008b300000|  0%| F|  |TAMS 0x000000008b200000| PB 0x000000008b200000| Untracked 
| 179|0x000000008b300000, 0x000000008b300000, 0x000000008b400000|  0%| F|  |TAMS 0x000000008b300000| PB 0x000000008b300000| Untracked 
| 180|0x000000008b400000, 0x000000008b500000, 0x000000008b500000|100%| O|  |TAMS 0x000000008b400000| PB 0x000000008b400000| Untracked 
| 181|0x000000008b500000, 0x000000008b500000, 0x000000008b600000|  0%| F|  |TAMS 0x000000008b500000| PB 0x000000008b500000| Untracked 
| 182|0x000000008b600000, 0x000000008b600000, 0x000000008b700000|  0%| F|  |TAMS 0x000000008b600000| PB 0x000000008b600000| Untracked 
| 183|0x000000008b700000, 0x000000008b800000, 0x000000008b800000|100%| O|  |TAMS 0x000000008b700000| PB 0x000000008b700000| Untracked 
| 184|0x000000008b800000, 0x000000008b800000, 0x000000008b900000|  0%| F|  |TAMS 0x000000008b800000| PB 0x000000008b800000| Untracked 
| 185|0x000000008b900000, 0x000000008b900000, 0x000000008ba00000|  0%| F|  |TAMS 0x000000008b900000| PB 0x000000008b900000| Untracked 
| 186|0x000000008ba00000, 0x000000008ba00000, 0x000000008bb00000|  0%| F|  |TAMS 0x000000008ba00000| PB 0x000000008ba00000| Untracked 
| 187|0x000000008bb00000, 0x000000008bc00000, 0x000000008bc00000|100%| O|  |TAMS 0x000000008bb00000| PB 0x000000008bb00000| Untracked 
| 188|0x000000008bc00000, 0x000000008bc00000, 0x000000008bd00000|  0%| F|  |TAMS 0x000000008bc00000| PB 0x000000008bc00000| Untracked 
| 189|0x000000008bd00000, 0x000000008be00000, 0x000000008be00000|100%| O|  |TAMS 0x000000008bd00000| PB 0x000000008bd00000| Untracked 
| 190|0x000000008be00000, 0x000000008be00000, 0x000000008bf00000|  0%| F|  |TAMS 0x000000008be00000| PB 0x000000008be00000| Untracked 
| 191|0x000000008bf00000, 0x000000008c000000, 0x000000008c000000|100%|HS|  |TAMS 0x000000008bf00000| PB 0x000000008bf00000| Complete 
| 192|0x000000008c000000, 0x000000008c100000, 0x000000008c100000|100%| O|  |TAMS 0x000000008c000000| PB 0x000000008c000000| Untracked 
| 193|0x000000008c100000, 0x000000008c100000, 0x000000008c200000|  0%| F|  |TAMS 0x000000008c100000| PB 0x000000008c100000| Untracked 
| 194|0x000000008c200000, 0x000000008c200000, 0x000000008c300000|  0%| F|  |TAMS 0x000000008c200000| PB 0x000000008c200000| Untracked 
| 195|0x000000008c300000, 0x000000008c400000, 0x000000008c400000|100%|HS|  |TAMS 0x000000008c300000| PB 0x000000008c300000| Complete 
| 196|0x000000008c400000, 0x000000008c500000, 0x000000008c500000|100%| O|  |TAMS 0x000000008c400000| PB 0x000000008c400000| Untracked 
| 197|0x000000008c500000, 0x000000008c600000, 0x000000008c600000|100%| O|  |TAMS 0x000000008c500000| PB 0x000000008c500000| Untracked 
| 198|0x000000008c600000, 0x000000008c700000, 0x000000008c700000|100%| O|  |TAMS 0x000000008c600000| PB 0x000000008c600000| Untracked 
| 199|0x000000008c700000, 0x000000008c800000, 0x000000008c800000|100%| O|  |TAMS 0x000000008c700000| PB 0x000000008c700000| Untracked 
| 200|0x000000008c800000, 0x000000008c900000, 0x000000008c900000|100%| O|  |TAMS 0x000000008c800000| PB 0x000000008c800000| Untracked 
| 201|0x000000008c900000, 0x000000008ca00000, 0x000000008ca00000|100%| O|  |TAMS 0x000000008c900000| PB 0x000000008c900000| Untracked 
| 202|0x000000008ca00000, 0x000000008cb00000, 0x000000008cb00000|100%| O|  |TAMS 0x000000008ca00000| PB 0x000000008ca00000| Untracked 
| 203|0x000000008cb00000, 0x000000008cc00000, 0x000000008cc00000|100%| O|  |TAMS 0x000000008cb00000| PB 0x000000008cb00000| Untracked 
| 204|0x000000008cc00000, 0x000000008cd00000, 0x000000008cd00000|100%| O|  |TAMS 0x000000008cc00000| PB 0x000000008cc00000| Untracked 
| 205|0x000000008cd00000, 0x000000008ce00000, 0x000000008ce00000|100%| O|  |TAMS 0x000000008cd00000| PB 0x000000008cd00000| Untracked 
| 206|0x000000008ce00000, 0x000000008ce00000, 0x000000008cf00000|  0%| F|  |TAMS 0x000000008ce00000| PB 0x000000008ce00000| Untracked 
| 207|0x000000008cf00000, 0x000000008cf00000, 0x000000008d000000|  0%| F|  |TAMS 0x000000008cf00000| PB 0x000000008cf00000| Untracked 
| 208|0x000000008d000000, 0x000000008d000000, 0x000000008d100000|  0%| F|  |TAMS 0x000000008d000000| PB 0x000000008d000000| Untracked 
| 209|0x000000008d100000, 0x000000008d200000, 0x000000008d200000|100%| O|  |TAMS 0x000000008d100000| PB 0x000000008d100000| Untracked 
| 210|0x000000008d200000, 0x000000008d300000, 0x000000008d300000|100%|HS|  |TAMS 0x000000008d200000| PB 0x000000008d200000| Complete 
| 211|0x000000008d300000, 0x000000008d400000, 0x000000008d400000|100%|HC|  |TAMS 0x000000008d300000| PB 0x000000008d300000| Complete 
| 212|0x000000008d400000, 0x000000008d500000, 0x000000008d500000|100%| O|  |TAMS 0x000000008d400000| PB 0x000000008d400000| Untracked 
| 213|0x000000008d500000, 0x000000008d600000, 0x000000008d600000|100%| O|  |TAMS 0x000000008d500000| PB 0x000000008d500000| Untracked 
| 214|0x000000008d600000, 0x000000008d700000, 0x000000008d700000|100%| O|  |TAMS 0x000000008d600000| PB 0x000000008d600000| Untracked 
| 215|0x000000008d700000, 0x000000008d800000, 0x000000008d800000|100%| O|  |TAMS 0x000000008d700000| PB 0x000000008d700000| Untracked 
| 216|0x000000008d800000, 0x000000008d900000, 0x000000008d900000|100%| O|  |TAMS 0x000000008d800000| PB 0x000000008d800000| Untracked 
| 217|0x000000008d900000, 0x000000008da00000, 0x000000008da00000|100%| O|  |TAMS 0x000000008d900000| PB 0x000000008d900000| Untracked 
| 218|0x000000008da00000, 0x000000008db00000, 0x000000008db00000|100%| O|  |TAMS 0x000000008da00000| PB 0x000000008da00000| Untracked 
| 219|0x000000008db00000, 0x000000008dc00000, 0x000000008dc00000|100%| O|  |TAMS 0x000000008db00000| PB 0x000000008db00000| Untracked 
| 220|0x000000008dc00000, 0x000000008dd00000, 0x000000008dd00000|100%| O|  |TAMS 0x000000008dc00000| PB 0x000000008dc00000| Untracked 
| 221|0x000000008dd00000, 0x000000008de00000, 0x000000008de00000|100%| O|  |TAMS 0x000000008dd00000| PB 0x000000008dd00000| Untracked 
| 222|0x000000008de00000, 0x000000008df00000, 0x000000008df00000|100%| O|  |TAMS 0x000000008de00000| PB 0x000000008de00000| Untracked 
| 223|0x000000008df00000, 0x000000008e000000, 0x000000008e000000|100%| O|  |TAMS 0x000000008df00000| PB 0x000000008df00000| Untracked 
| 224|0x000000008e000000, 0x000000008e100000, 0x000000008e100000|100%| O|  |TAMS 0x000000008e000000| PB 0x000000008e000000| Untracked 
| 225|0x000000008e100000, 0x000000008e200000, 0x000000008e200000|100%| O|  |TAMS 0x000000008e100000| PB 0x000000008e100000| Untracked 
| 226|0x000000008e200000, 0x000000008e300000, 0x000000008e300000|100%| O|  |TAMS 0x000000008e200000| PB 0x000000008e200000| Untracked 
| 227|0x000000008e300000, 0x000000008e400000, 0x000000008e400000|100%| O|  |TAMS 0x000000008e300000| PB 0x000000008e300000| Untracked 
| 228|0x000000008e400000, 0x000000008e500000, 0x000000008e500000|100%| O|  |TAMS 0x000000008e400000| PB 0x000000008e400000| Untracked 
| 229|0x000000008e500000, 0x000000008e600000, 0x000000008e600000|100%| O|  |TAMS 0x000000008e500000| PB 0x000000008e500000| Untracked 
| 230|0x000000008e600000, 0x000000008e700000, 0x000000008e700000|100%| O|  |TAMS 0x000000008e600000| PB 0x000000008e600000| Untracked 
| 231|0x000000008e700000, 0x000000008e800000, 0x000000008e800000|100%| O|Cm|TAMS 0x000000008e700000| PB 0x000000008e700000| Complete 
| 232|0x000000008e800000, 0x000000008e900000, 0x000000008e900000|100%| O|Cm|TAMS 0x000000008e800000| PB 0x000000008e800000| Complete 
| 233|0x000000008e900000, 0x000000008ea00000, 0x000000008ea00000|100%| O|Cm|TAMS 0x000000008e900000| PB 0x000000008e900000| Complete 
| 234|0x000000008ea00000, 0x000000008eb00000, 0x000000008eb00000|100%| O|  |TAMS 0x000000008ea00000| PB 0x000000008ea00000| Untracked 
| 235|0x000000008eb00000, 0x000000008ec00000, 0x000000008ec00000|100%|HS|  |TAMS 0x000000008eb00000| PB 0x000000008eb00000| Complete 
| 236|0x000000008ec00000, 0x000000008ed00000, 0x000000008ed00000|100%|HC|  |TAMS 0x000000008ec00000| PB 0x000000008ec00000| Complete 
| 237|0x000000008ed00000, 0x000000008ee00000, 0x000000008ee00000|100%|HC|  |TAMS 0x000000008ed00000| PB 0x000000008ed00000| Complete 
| 238|0x000000008ee00000, 0x000000008ef00000, 0x000000008ef00000|100%|HC|  |TAMS 0x000000008ee00000| PB 0x000000008ee00000| Complete 
| 239|0x000000008ef00000, 0x000000008ef00000, 0x000000008f000000|  0%| F|  |TAMS 0x000000008ef00000| PB 0x000000008ef00000| Untracked 
| 240|0x000000008f000000, 0x000000008f000000, 0x000000008f100000|  0%| F|  |TAMS 0x000000008f000000| PB 0x000000008f000000| Untracked 
| 241|0x000000008f100000, 0x000000008f100000, 0x000000008f200000|  0%| F|  |TAMS 0x000000008f100000| PB 0x000000008f100000| Untracked 
| 242|0x000000008f200000, 0x000000008f200000, 0x000000008f300000|  0%| F|  |TAMS 0x000000008f200000| PB 0x000000008f200000| Untracked 
| 243|0x000000008f300000, 0x000000008f300000, 0x000000008f400000|  0%| F|  |TAMS 0x000000008f300000| PB 0x000000008f300000| Untracked 
| 244|0x000000008f400000, 0x000000008f400000, 0x000000008f500000|  0%| F|  |TAMS 0x000000008f400000| PB 0x000000008f400000| Untracked 
| 245|0x000000008f500000, 0x000000008f500000, 0x000000008f600000|  0%| F|  |TAMS 0x000000008f500000| PB 0x000000008f500000| Untracked 
| 246|0x000000008f600000, 0x000000008f600000, 0x000000008f700000|  0%| F|  |TAMS 0x000000008f600000| PB 0x000000008f600000| Untracked 
| 247|0x000000008f700000, 0x000000008f700000, 0x000000008f800000|  0%| F|  |TAMS 0x000000008f700000| PB 0x000000008f700000| Untracked 
| 248|0x000000008f800000, 0x000000008f800000, 0x000000008f900000|  0%| F|  |TAMS 0x000000008f800000| PB 0x000000008f800000| Untracked 
| 249|0x000000008f900000, 0x000000008f900000, 0x000000008fa00000|  0%| F|  |TAMS 0x000000008f900000| PB 0x000000008f900000| Untracked 
| 250|0x000000008fa00000, 0x000000008fa00000, 0x000000008fb00000|  0%| F|  |TAMS 0x000000008fa00000| PB 0x000000008fa00000| Untracked 
| 251|0x000000008fb00000, 0x000000008fb00000, 0x000000008fc00000|  0%| F|  |TAMS 0x000000008fb00000| PB 0x000000008fb00000| Untracked 
| 252|0x000000008fc00000, 0x000000008fc00000, 0x000000008fd00000|  0%| F|  |TAMS 0x000000008fc00000| PB 0x000000008fc00000| Untracked 
| 253|0x000000008fd00000, 0x000000008fd00000, 0x000000008fe00000|  0%| F|  |TAMS 0x000000008fd00000| PB 0x000000008fd00000| Untracked 
| 254|0x000000008fe00000, 0x000000008fe00000, 0x000000008ff00000|  0%| F|  |TAMS 0x000000008fe00000| PB 0x000000008fe00000| Untracked 
| 255|0x000000008ff00000, 0x000000008ff00000, 0x0000000090000000|  0%| F|  |TAMS 0x000000008ff00000| PB 0x000000008ff00000| Untracked 
| 256|0x0000000090000000, 0x0000000090000000, 0x0000000090100000|  0%| F|  |TAMS 0x0000000090000000| PB 0x0000000090000000| Untracked 
| 257|0x0000000090100000, 0x0000000090100000, 0x0000000090200000|  0%| F|  |TAMS 0x0000000090100000| PB 0x0000000090100000| Untracked 
| 258|0x0000000090200000, 0x00000000902715a8, 0x0000000090300000| 44%| S|CS|TAMS 0x0000000090200000| PB 0x0000000090200000| Complete 
| 259|0x0000000090300000, 0x0000000090400000, 0x0000000090400000|100%| S|CS|TAMS 0x0000000090300000| PB 0x0000000090300000| Complete 
| 260|0x0000000090400000, 0x0000000090500000, 0x0000000090500000|100%| S|CS|TAMS 0x0000000090400000| PB 0x0000000090400000| Complete 
| 261|0x0000000090500000, 0x0000000090500000, 0x0000000090600000|  0%| F|  |TAMS 0x0000000090500000| PB 0x0000000090500000| Untracked 
| 262|0x0000000090600000, 0x0000000090600000, 0x0000000090700000|  0%| F|  |TAMS 0x0000000090600000| PB 0x0000000090600000| Untracked 
| 263|0x0000000090700000, 0x0000000090700000, 0x0000000090800000|  0%| F|  |TAMS 0x0000000090700000| PB 0x0000000090700000| Untracked 
| 264|0x0000000090800000, 0x0000000090800000, 0x0000000090900000|  0%| F|  |TAMS 0x0000000090800000| PB 0x0000000090800000| Untracked 
| 265|0x0000000090900000, 0x0000000090900000, 0x0000000090a00000|  0%| F|  |TAMS 0x0000000090900000| PB 0x0000000090900000| Untracked 
| 266|0x0000000090a00000, 0x0000000090a00000, 0x0000000090b00000|  0%| F|  |TAMS 0x0000000090a00000| PB 0x0000000090a00000| Untracked 
| 267|0x0000000090b00000, 0x0000000090b00000, 0x0000000090c00000|  0%| F|  |TAMS 0x0000000090b00000| PB 0x0000000090b00000| Untracked 
| 268|0x0000000090c00000, 0x0000000090c00000, 0x0000000090d00000|  0%| F|  |TAMS 0x0000000090c00000| PB 0x0000000090c00000| Untracked 
| 269|0x0000000090d00000, 0x0000000090d00000, 0x0000000090e00000|  0%| F|  |TAMS 0x0000000090d00000| PB 0x0000000090d00000| Untracked 
| 270|0x0000000090e00000, 0x0000000090e00000, 0x0000000090f00000|  0%| F|  |TAMS 0x0000000090e00000| PB 0x0000000090e00000| Untracked 
| 271|0x0000000090f00000, 0x0000000090f00000, 0x0000000091000000|  0%| F|  |TAMS 0x0000000090f00000| PB 0x0000000090f00000| Untracked 
| 272|0x0000000091000000, 0x0000000091000000, 0x0000000091100000|  0%| F|  |TAMS 0x0000000091000000| PB 0x0000000091000000| Untracked 
| 273|0x0000000091100000, 0x0000000091200000, 0x0000000091200000|100%| S|CS|TAMS 0x0000000091100000| PB 0x0000000091100000| Complete 
| 274|0x0000000091200000, 0x0000000091300000, 0x0000000091300000|100%| S|CS|TAMS 0x0000000091200000| PB 0x0000000091200000| Complete 
| 275|0x0000000091300000, 0x0000000091400000, 0x0000000091400000|100%| S|CS|TAMS 0x0000000091300000| PB 0x0000000091300000| Complete 
| 276|0x0000000091400000, 0x0000000091500000, 0x0000000091500000|100%| S|CS|TAMS 0x0000000091400000| PB 0x0000000091400000| Complete 
| 277|0x0000000091500000, 0x0000000091600000, 0x0000000091600000|100%| S|CS|TAMS 0x0000000091500000| PB 0x0000000091500000| Complete 
| 278|0x0000000091600000, 0x0000000091700000, 0x0000000091700000|100%| S|CS|TAMS 0x0000000091600000| PB 0x0000000091600000| Complete 
| 279|0x0000000091700000, 0x0000000091700000, 0x0000000091800000|  0%| F|  |TAMS 0x0000000091700000| PB 0x0000000091700000| Untracked 
| 280|0x0000000091800000, 0x0000000091800000, 0x0000000091900000|  0%| F|  |TAMS 0x0000000091800000| PB 0x0000000091800000| Untracked 
| 281|0x0000000091900000, 0x0000000091900000, 0x0000000091a00000|  0%| F|  |TAMS 0x0000000091900000| PB 0x0000000091900000| Untracked 
| 282|0x0000000091a00000, 0x0000000091a00000, 0x0000000091b00000|  0%| F|  |TAMS 0x0000000091a00000| PB 0x0000000091a00000| Untracked 
| 283|0x0000000091b00000, 0x0000000091b00000, 0x0000000091c00000|  0%| F|  |TAMS 0x0000000091b00000| PB 0x0000000091b00000| Untracked 
| 284|0x0000000091c00000, 0x0000000091c00000, 0x0000000091d00000|  0%| F|  |TAMS 0x0000000091c00000| PB 0x0000000091c00000| Untracked 
| 285|0x0000000091d00000, 0x0000000091d00000, 0x0000000091e00000|  0%| F|  |TAMS 0x0000000091d00000| PB 0x0000000091d00000| Untracked 
| 286|0x0000000091e00000, 0x0000000091e00000, 0x0000000091f00000|  0%| F|  |TAMS 0x0000000091e00000| PB 0x0000000091e00000| Untracked 
| 287|0x0000000091f00000, 0x0000000091f00000, 0x0000000092000000|  0%| F|  |TAMS 0x0000000091f00000| PB 0x0000000091f00000| Untracked 
| 288|0x0000000092000000, 0x0000000092000000, 0x0000000092100000|  0%| F|  |TAMS 0x0000000092000000| PB 0x0000000092000000| Untracked 
| 289|0x0000000092100000, 0x0000000092100000, 0x0000000092200000|  0%| F|  |TAMS 0x0000000092100000| PB 0x0000000092100000| Untracked 
| 290|0x0000000092200000, 0x0000000092200000, 0x0000000092300000|  0%| F|  |TAMS 0x0000000092200000| PB 0x0000000092200000| Untracked 
| 291|0x0000000092300000, 0x0000000092300000, 0x0000000092400000|  0%| F|  |TAMS 0x0000000092300000| PB 0x0000000092300000| Untracked 
| 292|0x0000000092400000, 0x0000000092400000, 0x0000000092500000|  0%| F|  |TAMS 0x0000000092400000| PB 0x0000000092400000| Untracked 
| 293|0x0000000092500000, 0x0000000092500000, 0x0000000092600000|  0%| F|  |TAMS 0x0000000092500000| PB 0x0000000092500000| Untracked 
| 294|0x0000000092600000, 0x0000000092600000, 0x0000000092700000|  0%| F|  |TAMS 0x0000000092600000| PB 0x0000000092600000| Untracked 
| 295|0x0000000092700000, 0x0000000092700000, 0x0000000092800000|  0%| F|  |TAMS 0x0000000092700000| PB 0x0000000092700000| Untracked 
| 296|0x0000000092800000, 0x0000000092800000, 0x0000000092900000|  0%| F|  |TAMS 0x0000000092800000| PB 0x0000000092800000| Untracked 
| 297|0x0000000092900000, 0x0000000092900000, 0x0000000092a00000|  0%| F|  |TAMS 0x0000000092900000| PB 0x0000000092900000| Untracked 
| 298|0x0000000092a00000, 0x0000000092a00000, 0x0000000092b00000|  0%| F|  |TAMS 0x0000000092a00000| PB 0x0000000092a00000| Untracked 
| 299|0x0000000092b00000, 0x0000000092b00000, 0x0000000092c00000|  0%| F|  |TAMS 0x0000000092b00000| PB 0x0000000092b00000| Untracked 
| 300|0x0000000092c00000, 0x0000000092c00000, 0x0000000092d00000|  0%| F|  |TAMS 0x0000000092c00000| PB 0x0000000092c00000| Untracked 
| 301|0x0000000092d00000, 0x0000000092d00000, 0x0000000092e00000|  0%| F|  |TAMS 0x0000000092d00000| PB 0x0000000092d00000| Untracked 
| 302|0x0000000092e00000, 0x0000000092e00000, 0x0000000092f00000|  0%| F|  |TAMS 0x0000000092e00000| PB 0x0000000092e00000| Untracked 
| 303|0x0000000092f00000, 0x0000000092f00000, 0x0000000093000000|  0%| F|  |TAMS 0x0000000092f00000| PB 0x0000000092f00000| Untracked 
| 304|0x0000000093000000, 0x0000000093000000, 0x0000000093100000|  0%| F|  |TAMS 0x0000000093000000| PB 0x0000000093000000| Untracked 
| 305|0x0000000093100000, 0x0000000093100000, 0x0000000093200000|  0%| F|  |TAMS 0x0000000093100000| PB 0x0000000093100000| Untracked 
| 306|0x0000000093200000, 0x0000000093200000, 0x0000000093300000|  0%| F|  |TAMS 0x0000000093200000| PB 0x0000000093200000| Untracked 
| 307|0x0000000093300000, 0x0000000093300000, 0x0000000093400000|  0%| F|  |TAMS 0x0000000093300000| PB 0x0000000093300000| Untracked 
| 308|0x0000000093400000, 0x0000000093400000, 0x0000000093500000|  0%| F|  |TAMS 0x0000000093400000| PB 0x0000000093400000| Untracked 
| 309|0x0000000093500000, 0x0000000093500000, 0x0000000093600000|  0%| F|  |TAMS 0x0000000093500000| PB 0x0000000093500000| Untracked 
| 310|0x0000000093600000, 0x0000000093600000, 0x0000000093700000|  0%| F|  |TAMS 0x0000000093600000| PB 0x0000000093600000| Untracked 
| 311|0x0000000093700000, 0x0000000093700000, 0x0000000093800000|  0%| F|  |TAMS 0x0000000093700000| PB 0x0000000093700000| Untracked 
| 312|0x0000000093800000, 0x0000000093800000, 0x0000000093900000|  0%| F|  |TAMS 0x0000000093800000| PB 0x0000000093800000| Untracked 
| 313|0x0000000093900000, 0x0000000093900000, 0x0000000093a00000|  0%| F|  |TAMS 0x0000000093900000| PB 0x0000000093900000| Untracked 
| 314|0x0000000093a00000, 0x0000000093a00000, 0x0000000093b00000|  0%| F|  |TAMS 0x0000000093a00000| PB 0x0000000093a00000| Untracked 
| 315|0x0000000093b00000, 0x0000000093b00000, 0x0000000093c00000|  0%| F|  |TAMS 0x0000000093b00000| PB 0x0000000093b00000| Untracked 
| 316|0x0000000093c00000, 0x0000000093c00000, 0x0000000093d00000|  0%| F|  |TAMS 0x0000000093c00000| PB 0x0000000093c00000| Untracked 
| 317|0x0000000093d00000, 0x0000000093d00000, 0x0000000093e00000|  0%| F|  |TAMS 0x0000000093d00000| PB 0x0000000093d00000| Untracked 
| 318|0x0000000093e00000, 0x0000000093e00000, 0x0000000093f00000|  0%| F|  |TAMS 0x0000000093e00000| PB 0x0000000093e00000| Untracked 
| 319|0x0000000093f00000, 0x0000000093f00000, 0x0000000094000000|  0%| F|  |TAMS 0x0000000093f00000| PB 0x0000000093f00000| Untracked 
| 320|0x0000000094000000, 0x0000000094000000, 0x0000000094100000|  0%| F|  |TAMS 0x0000000094000000| PB 0x0000000094000000| Untracked 
| 321|0x0000000094100000, 0x0000000094100000, 0x0000000094200000|  0%| F|  |TAMS 0x0000000094100000| PB 0x0000000094100000| Untracked 
| 322|0x0000000094200000, 0x0000000094200000, 0x0000000094300000|  0%| F|  |TAMS 0x0000000094200000| PB 0x0000000094200000| Untracked 
| 323|0x0000000094300000, 0x0000000094300000, 0x0000000094400000|  0%| F|  |TAMS 0x0000000094300000| PB 0x0000000094300000| Untracked 
| 324|0x0000000094400000, 0x0000000094400000, 0x0000000094500000|  0%| F|  |TAMS 0x0000000094400000| PB 0x0000000094400000| Untracked 
| 325|0x0000000094500000, 0x0000000094500000, 0x0000000094600000|  0%| F|  |TAMS 0x0000000094500000| PB 0x0000000094500000| Untracked 
| 326|0x0000000094600000, 0x0000000094600000, 0x0000000094700000|  0%| F|  |TAMS 0x0000000094600000| PB 0x0000000094600000| Untracked 
| 327|0x0000000094700000, 0x0000000094700000, 0x0000000094800000|  0%| F|  |TAMS 0x0000000094700000| PB 0x0000000094700000| Untracked 
| 328|0x0000000094800000, 0x0000000094800000, 0x0000000094900000|  0%| F|  |TAMS 0x0000000094800000| PB 0x0000000094800000| Untracked 
| 329|0x0000000094900000, 0x0000000094900000, 0x0000000094a00000|  0%| F|  |TAMS 0x0000000094900000| PB 0x0000000094900000| Untracked 
| 330|0x0000000094a00000, 0x0000000094a00000, 0x0000000094b00000|  0%| F|  |TAMS 0x0000000094a00000| PB 0x0000000094a00000| Untracked 
| 331|0x0000000094b00000, 0x0000000094b00000, 0x0000000094c00000|  0%| F|  |TAMS 0x0000000094b00000| PB 0x0000000094b00000| Untracked 
| 332|0x0000000094c00000, 0x0000000094c00000, 0x0000000094d00000|  0%| F|  |TAMS 0x0000000094c00000| PB 0x0000000094c00000| Untracked 
| 333|0x0000000094d00000, 0x0000000094d00000, 0x0000000094e00000|  0%| F|  |TAMS 0x0000000094d00000| PB 0x0000000094d00000| Untracked 
| 334|0x0000000094e00000, 0x0000000094e00000, 0x0000000094f00000|  0%| F|  |TAMS 0x0000000094e00000| PB 0x0000000094e00000| Untracked 
| 335|0x0000000094f00000, 0x0000000094f00000, 0x0000000095000000|  0%| F|  |TAMS 0x0000000094f00000| PB 0x0000000094f00000| Untracked 
| 336|0x0000000095000000, 0x0000000095000000, 0x0000000095100000|  0%| F|  |TAMS 0x0000000095000000| PB 0x0000000095000000| Untracked 
| 337|0x0000000095100000, 0x0000000095100000, 0x0000000095200000|  0%| F|  |TAMS 0x0000000095100000| PB 0x0000000095100000| Untracked 
| 338|0x0000000095200000, 0x0000000095200000, 0x0000000095300000|  0%| F|  |TAMS 0x0000000095200000| PB 0x0000000095200000| Untracked 
| 339|0x0000000095300000, 0x0000000095300000, 0x0000000095400000|  0%| F|  |TAMS 0x0000000095300000| PB 0x0000000095300000| Untracked 
| 340|0x0000000095400000, 0x0000000095400000, 0x0000000095500000|  0%| F|  |TAMS 0x0000000095400000| PB 0x0000000095400000| Untracked 
| 341|0x0000000095500000, 0x0000000095500000, 0x0000000095600000|  0%| F|  |TAMS 0x0000000095500000| PB 0x0000000095500000| Untracked 
| 342|0x0000000095600000, 0x0000000095600000, 0x0000000095700000|  0%| F|  |TAMS 0x0000000095600000| PB 0x0000000095600000| Untracked 
| 343|0x0000000095700000, 0x0000000095700000, 0x0000000095800000|  0%| F|  |TAMS 0x0000000095700000| PB 0x0000000095700000| Untracked 
| 344|0x0000000095800000, 0x0000000095800000, 0x0000000095900000|  0%| F|  |TAMS 0x0000000095800000| PB 0x0000000095800000| Untracked 
| 345|0x0000000095900000, 0x0000000095900000, 0x0000000095a00000|  0%| F|  |TAMS 0x0000000095900000| PB 0x0000000095900000| Untracked 
| 346|0x0000000095a00000, 0x0000000095a00000, 0x0000000095b00000|  0%| F|  |TAMS 0x0000000095a00000| PB 0x0000000095a00000| Untracked 
| 347|0x0000000095b00000, 0x0000000095b00000, 0x0000000095c00000|  0%| F|  |TAMS 0x0000000095b00000| PB 0x0000000095b00000| Untracked 
| 348|0x0000000095c00000, 0x0000000095c00000, 0x0000000095d00000|  0%| F|  |TAMS 0x0000000095c00000| PB 0x0000000095c00000| Untracked 
| 349|0x0000000095d00000, 0x0000000095d00000, 0x0000000095e00000|  0%| F|  |TAMS 0x0000000095d00000| PB 0x0000000095d00000| Untracked 
| 350|0x0000000095e00000, 0x0000000095e00000, 0x0000000095f00000|  0%| F|  |TAMS 0x0000000095e00000| PB 0x0000000095e00000| Untracked 
| 351|0x0000000095f00000, 0x0000000095f00000, 0x0000000096000000|  0%| F|  |TAMS 0x0000000095f00000| PB 0x0000000095f00000| Untracked 
| 352|0x0000000096000000, 0x0000000096000000, 0x0000000096100000|  0%| F|  |TAMS 0x0000000096000000| PB 0x0000000096000000| Untracked 
| 353|0x0000000096100000, 0x0000000096100000, 0x0000000096200000|  0%| F|  |TAMS 0x0000000096100000| PB 0x0000000096100000| Untracked 
| 354|0x0000000096200000, 0x0000000096200000, 0x0000000096300000|  0%| F|  |TAMS 0x0000000096200000| PB 0x0000000096200000| Untracked 
| 355|0x0000000096300000, 0x0000000096300000, 0x0000000096400000|  0%| F|  |TAMS 0x0000000096300000| PB 0x0000000096300000| Untracked 
| 356|0x0000000096400000, 0x0000000096400000, 0x0000000096500000|  0%| F|  |TAMS 0x0000000096400000| PB 0x0000000096400000| Untracked 
| 357|0x0000000096500000, 0x0000000096500000, 0x0000000096600000|  0%| F|  |TAMS 0x0000000096500000| PB 0x0000000096500000| Untracked 
| 358|0x0000000096600000, 0x0000000096600000, 0x0000000096700000|  0%| F|  |TAMS 0x0000000096600000| PB 0x0000000096600000| Untracked 
| 359|0x0000000096700000, 0x0000000096700000, 0x0000000096800000|  0%| F|  |TAMS 0x0000000096700000| PB 0x0000000096700000| Untracked 
| 360|0x0000000096800000, 0x0000000096800000, 0x0000000096900000|  0%| F|  |TAMS 0x0000000096800000| PB 0x0000000096800000| Untracked 
| 361|0x0000000096900000, 0x0000000096900000, 0x0000000096a00000|  0%| F|  |TAMS 0x0000000096900000| PB 0x0000000096900000| Untracked 
| 362|0x0000000096a00000, 0x0000000096a00000, 0x0000000096b00000|  0%| F|  |TAMS 0x0000000096a00000| PB 0x0000000096a00000| Untracked 
| 363|0x0000000096b00000, 0x0000000096b00000, 0x0000000096c00000|  0%| F|  |TAMS 0x0000000096b00000| PB 0x0000000096b00000| Untracked 
| 364|0x0000000096c00000, 0x0000000096c00000, 0x0000000096d00000|  0%| F|  |TAMS 0x0000000096c00000| PB 0x0000000096c00000| Untracked 
| 365|0x0000000096d00000, 0x0000000096d00000, 0x0000000096e00000|  0%| F|  |TAMS 0x0000000096d00000| PB 0x0000000096d00000| Untracked 
| 366|0x0000000096e00000, 0x0000000096e00000, 0x0000000096f00000|  0%| F|  |TAMS 0x0000000096e00000| PB 0x0000000096e00000| Untracked 
| 367|0x0000000096f00000, 0x0000000096f00000, 0x0000000097000000|  0%| F|  |TAMS 0x0000000096f00000| PB 0x0000000096f00000| Untracked 
| 368|0x0000000097000000, 0x0000000097000000, 0x0000000097100000|  0%| F|  |TAMS 0x0000000097000000| PB 0x0000000097000000| Untracked 
| 369|0x0000000097100000, 0x0000000097100000, 0x0000000097200000|  0%| F|  |TAMS 0x0000000097100000| PB 0x0000000097100000| Untracked 
| 370|0x0000000097200000, 0x0000000097200000, 0x0000000097300000|  0%| F|  |TAMS 0x0000000097200000| PB 0x0000000097200000| Untracked 
| 371|0x0000000097300000, 0x0000000097300000, 0x0000000097400000|  0%| F|  |TAMS 0x0000000097300000| PB 0x0000000097300000| Untracked 
| 372|0x0000000097400000, 0x0000000097400000, 0x0000000097500000|  0%| F|  |TAMS 0x0000000097400000| PB 0x0000000097400000| Untracked 
| 373|0x0000000097500000, 0x0000000097500000, 0x0000000097600000|  0%| F|  |TAMS 0x0000000097500000| PB 0x0000000097500000| Untracked 
| 374|0x0000000097600000, 0x0000000097600000, 0x0000000097700000|  0%| F|  |TAMS 0x0000000097600000| PB 0x0000000097600000| Untracked 
| 375|0x0000000097700000, 0x0000000097700000, 0x0000000097800000|  0%| F|  |TAMS 0x0000000097700000| PB 0x0000000097700000| Untracked 
| 376|0x0000000097800000, 0x0000000097800000, 0x0000000097900000|  0%| F|  |TAMS 0x0000000097800000| PB 0x0000000097800000| Untracked 
| 377|0x0000000097900000, 0x0000000097900000, 0x0000000097a00000|  0%| F|  |TAMS 0x0000000097900000| PB 0x0000000097900000| Untracked 
| 378|0x0000000097a00000, 0x0000000097a00000, 0x0000000097b00000|  0%| F|  |TAMS 0x0000000097a00000| PB 0x0000000097a00000| Untracked 
| 379|0x0000000097b00000, 0x0000000097b00000, 0x0000000097c00000|  0%| F|  |TAMS 0x0000000097b00000| PB 0x0000000097b00000| Untracked 
| 380|0x0000000097c00000, 0x0000000097c00000, 0x0000000097d00000|  0%| F|  |TAMS 0x0000000097c00000| PB 0x0000000097c00000| Untracked 
| 381|0x0000000097d00000, 0x0000000097d00000, 0x0000000097e00000|  0%| F|  |TAMS 0x0000000097d00000| PB 0x0000000097d00000| Untracked 
| 382|0x0000000097e00000, 0x0000000097e00000, 0x0000000097f00000|  0%| F|  |TAMS 0x0000000097e00000| PB 0x0000000097e00000| Untracked 
| 383|0x0000000097f00000, 0x0000000097f00000, 0x0000000098000000|  0%| F|  |TAMS 0x0000000097f00000| PB 0x0000000097f00000| Untracked 
| 384|0x0000000098000000, 0x0000000098000000, 0x0000000098100000|  0%| F|  |TAMS 0x0000000098000000| PB 0x0000000098000000| Untracked 
| 385|0x0000000098100000, 0x0000000098100000, 0x0000000098200000|  0%| F|  |TAMS 0x0000000098100000| PB 0x0000000098100000| Untracked 
| 386|0x0000000098200000, 0x0000000098200000, 0x0000000098300000|  0%| F|  |TAMS 0x0000000098200000| PB 0x0000000098200000| Untracked 
| 387|0x0000000098300000, 0x0000000098300000, 0x0000000098400000|  0%| F|  |TAMS 0x0000000098300000| PB 0x0000000098300000| Untracked 
| 388|0x0000000098400000, 0x0000000098400000, 0x0000000098500000|  0%| F|  |TAMS 0x0000000098400000| PB 0x0000000098400000| Untracked 
| 389|0x0000000098500000, 0x0000000098500000, 0x0000000098600000|  0%| F|  |TAMS 0x0000000098500000| PB 0x0000000098500000| Untracked 
| 390|0x0000000098600000, 0x0000000098600000, 0x0000000098700000|  0%| F|  |TAMS 0x0000000098600000| PB 0x0000000098600000| Untracked 
| 391|0x0000000098700000, 0x0000000098700000, 0x0000000098800000|  0%| F|  |TAMS 0x0000000098700000| PB 0x0000000098700000| Untracked 
| 392|0x0000000098800000, 0x0000000098800000, 0x0000000098900000|  0%| F|  |TAMS 0x0000000098800000| PB 0x0000000098800000| Untracked 
| 393|0x0000000098900000, 0x0000000098900000, 0x0000000098a00000|  0%| F|  |TAMS 0x0000000098900000| PB 0x0000000098900000| Untracked 
| 394|0x0000000098a00000, 0x0000000098a00000, 0x0000000098b00000|  0%| F|  |TAMS 0x0000000098a00000| PB 0x0000000098a00000| Untracked 
| 395|0x0000000098b00000, 0x0000000098b00000, 0x0000000098c00000|  0%| F|  |TAMS 0x0000000098b00000| PB 0x0000000098b00000| Untracked 
| 396|0x0000000098c00000, 0x0000000098c00000, 0x0000000098d00000|  0%| F|  |TAMS 0x0000000098c00000| PB 0x0000000098c00000| Untracked 
| 397|0x0000000098d00000, 0x0000000098d00000, 0x0000000098e00000|  0%| F|  |TAMS 0x0000000098d00000| PB 0x0000000098d00000| Untracked 
| 398|0x0000000098e00000, 0x0000000098e00000, 0x0000000098f00000|  0%| F|  |TAMS 0x0000000098e00000| PB 0x0000000098e00000| Untracked 
| 399|0x0000000098f00000, 0x0000000098f00000, 0x0000000099000000|  0%| F|  |TAMS 0x0000000098f00000| PB 0x0000000098f00000| Untracked 
| 400|0x0000000099000000, 0x0000000099000000, 0x0000000099100000|  0%| F|  |TAMS 0x0000000099000000| PB 0x0000000099000000| Untracked 
| 401|0x0000000099100000, 0x0000000099100000, 0x0000000099200000|  0%| F|  |TAMS 0x0000000099100000| PB 0x0000000099100000| Untracked 
| 402|0x0000000099200000, 0x0000000099200000, 0x0000000099300000|  0%| F|  |TAMS 0x0000000099200000| PB 0x0000000099200000| Untracked 
| 403|0x0000000099300000, 0x0000000099300000, 0x0000000099400000|  0%| F|  |TAMS 0x0000000099300000| PB 0x0000000099300000| Untracked 
| 404|0x0000000099400000, 0x0000000099400000, 0x0000000099500000|  0%| F|  |TAMS 0x0000000099400000| PB 0x0000000099400000| Untracked 
| 405|0x0000000099500000, 0x0000000099500000, 0x0000000099600000|  0%| F|  |TAMS 0x0000000099500000| PB 0x0000000099500000| Untracked 
| 406|0x0000000099600000, 0x0000000099600000, 0x0000000099700000|  0%| F|  |TAMS 0x0000000099600000| PB 0x0000000099600000| Untracked 
| 407|0x0000000099700000, 0x0000000099700000, 0x0000000099800000|  0%| F|  |TAMS 0x0000000099700000| PB 0x0000000099700000| Untracked 
| 408|0x0000000099800000, 0x0000000099800000, 0x0000000099900000|  0%| F|  |TAMS 0x0000000099800000| PB 0x0000000099800000| Untracked 
| 409|0x0000000099900000, 0x0000000099900000, 0x0000000099a00000|  0%| F|  |TAMS 0x0000000099900000| PB 0x0000000099900000| Untracked 
| 410|0x0000000099a00000, 0x0000000099a00000, 0x0000000099b00000|  0%| F|  |TAMS 0x0000000099a00000| PB 0x0000000099a00000| Untracked 
| 411|0x0000000099b00000, 0x0000000099b00000, 0x0000000099c00000|  0%| F|  |TAMS 0x0000000099b00000| PB 0x0000000099b00000| Untracked 
| 412|0x0000000099c00000, 0x0000000099c00000, 0x0000000099d00000|  0%| F|  |TAMS 0x0000000099c00000| PB 0x0000000099c00000| Untracked 
| 413|0x0000000099d00000, 0x0000000099d00000, 0x0000000099e00000|  0%| F|  |TAMS 0x0000000099d00000| PB 0x0000000099d00000| Untracked 
| 414|0x0000000099e00000, 0x0000000099e00000, 0x0000000099f00000|  0%| F|  |TAMS 0x0000000099e00000| PB 0x0000000099e00000| Untracked 
| 415|0x0000000099f00000, 0x0000000099f00000, 0x000000009a000000|  0%| F|  |TAMS 0x0000000099f00000| PB 0x0000000099f00000| Untracked 
| 416|0x000000009a000000, 0x000000009a000000, 0x000000009a100000|  0%| F|  |TAMS 0x000000009a000000| PB 0x000000009a000000| Untracked 
| 417|0x000000009a100000, 0x000000009a100000, 0x000000009a200000|  0%| F|  |TAMS 0x000000009a100000| PB 0x000000009a100000| Untracked 
| 418|0x000000009a200000, 0x000000009a200000, 0x000000009a300000|  0%| F|  |TAMS 0x000000009a200000| PB 0x000000009a200000| Untracked 
| 419|0x000000009a300000, 0x000000009a300000, 0x000000009a400000|  0%| F|  |TAMS 0x000000009a300000| PB 0x000000009a300000| Untracked 
| 420|0x000000009a400000, 0x000000009a400000, 0x000000009a500000|  0%| F|  |TAMS 0x000000009a400000| PB 0x000000009a400000| Untracked 
| 421|0x000000009a500000, 0x000000009a500000, 0x000000009a600000|  0%| F|  |TAMS 0x000000009a500000| PB 0x000000009a500000| Untracked 
| 422|0x000000009a600000, 0x000000009a600000, 0x000000009a700000|  0%| F|  |TAMS 0x000000009a600000| PB 0x000000009a600000| Untracked 
| 423|0x000000009a700000, 0x000000009a700000, 0x000000009a800000|  0%| F|  |TAMS 0x000000009a700000| PB 0x000000009a700000| Untracked 
| 424|0x000000009a800000, 0x000000009a800000, 0x000000009a900000|  0%| F|  |TAMS 0x000000009a800000| PB 0x000000009a800000| Untracked 
| 425|0x000000009a900000, 0x000000009a900000, 0x000000009aa00000|  0%| F|  |TAMS 0x000000009a900000| PB 0x000000009a900000| Untracked 
| 426|0x000000009aa00000, 0x000000009aa00000, 0x000000009ab00000|  0%| F|  |TAMS 0x000000009aa00000| PB 0x000000009aa00000| Untracked 
| 427|0x000000009ab00000, 0x000000009ab00000, 0x000000009ac00000|  0%| F|  |TAMS 0x000000009ab00000| PB 0x000000009ab00000| Untracked 
| 428|0x000000009ac00000, 0x000000009ac00000, 0x000000009ad00000|  0%| F|  |TAMS 0x000000009ac00000| PB 0x000000009ac00000| Untracked 
| 429|0x000000009ad00000, 0x000000009ad00000, 0x000000009ae00000|  0%| F|  |TAMS 0x000000009ad00000| PB 0x000000009ad00000| Untracked 
| 430|0x000000009ae00000, 0x000000009ae00000, 0x000000009af00000|  0%| F|  |TAMS 0x000000009ae00000| PB 0x000000009ae00000| Untracked 
| 431|0x000000009af00000, 0x000000009af00000, 0x000000009b000000|  0%| F|  |TAMS 0x000000009af00000| PB 0x000000009af00000| Untracked 
| 432|0x000000009b000000, 0x000000009b000000, 0x000000009b100000|  0%| F|  |TAMS 0x000000009b000000| PB 0x000000009b000000| Untracked 
| 433|0x000000009b100000, 0x000000009b100000, 0x000000009b200000|  0%| F|  |TAMS 0x000000009b100000| PB 0x000000009b100000| Untracked 
| 434|0x000000009b200000, 0x000000009b200000, 0x000000009b300000|  0%| F|  |TAMS 0x000000009b200000| PB 0x000000009b200000| Untracked 
| 435|0x000000009b300000, 0x000000009b300000, 0x000000009b400000|  0%| F|  |TAMS 0x000000009b300000| PB 0x000000009b300000| Untracked 
| 436|0x000000009b400000, 0x000000009b400000, 0x000000009b500000|  0%| F|  |TAMS 0x000000009b400000| PB 0x000000009b400000| Untracked 
| 437|0x000000009b500000, 0x000000009b500000, 0x000000009b600000|  0%| F|  |TAMS 0x000000009b500000| PB 0x000000009b500000| Untracked 
| 438|0x000000009b600000, 0x000000009b600000, 0x000000009b700000|  0%| F|  |TAMS 0x000000009b600000| PB 0x000000009b600000| Untracked 
| 439|0x000000009b700000, 0x000000009b700000, 0x000000009b800000|  0%| F|  |TAMS 0x000000009b700000| PB 0x000000009b700000| Untracked 
| 440|0x000000009b800000, 0x000000009b800000, 0x000000009b900000|  0%| F|  |TAMS 0x000000009b800000| PB 0x000000009b800000| Untracked 
| 441|0x000000009b900000, 0x000000009b900000, 0x000000009ba00000|  0%| F|  |TAMS 0x000000009b900000| PB 0x000000009b900000| Untracked 
| 442|0x000000009ba00000, 0x000000009ba00000, 0x000000009bb00000|  0%| F|  |TAMS 0x000000009ba00000| PB 0x000000009ba00000| Untracked 
| 443|0x000000009bb00000, 0x000000009bb00000, 0x000000009bc00000|  0%| F|  |TAMS 0x000000009bb00000| PB 0x000000009bb00000| Untracked 
| 444|0x000000009bc00000, 0x000000009bc00000, 0x000000009bd00000|  0%| F|  |TAMS 0x000000009bc00000| PB 0x000000009bc00000| Untracked 
| 445|0x000000009bd00000, 0x000000009bd00000, 0x000000009be00000|  0%| F|  |TAMS 0x000000009bd00000| PB 0x000000009bd00000| Untracked 
| 446|0x000000009be00000, 0x000000009be00000, 0x000000009bf00000|  0%| F|  |TAMS 0x000000009be00000| PB 0x000000009be00000| Untracked 
| 447|0x000000009bf00000, 0x000000009bf00000, 0x000000009c000000|  0%| F|  |TAMS 0x000000009bf00000| PB 0x000000009bf00000| Untracked 
| 448|0x000000009c000000, 0x000000009c000000, 0x000000009c100000|  0%| F|  |TAMS 0x000000009c000000| PB 0x000000009c000000| Untracked 
| 449|0x000000009c100000, 0x000000009c100000, 0x000000009c200000|  0%| F|  |TAMS 0x000000009c100000| PB 0x000000009c100000| Untracked 
| 450|0x000000009c200000, 0x000000009c200000, 0x000000009c300000|  0%| F|  |TAMS 0x000000009c200000| PB 0x000000009c200000| Untracked 
| 451|0x000000009c300000, 0x000000009c300000, 0x000000009c400000|  0%| F|  |TAMS 0x000000009c300000| PB 0x000000009c300000| Untracked 
| 452|0x000000009c400000, 0x000000009c400000, 0x000000009c500000|  0%| F|  |TAMS 0x000000009c400000| PB 0x000000009c400000| Untracked 
| 453|0x000000009c500000, 0x000000009c500000, 0x000000009c600000|  0%| F|  |TAMS 0x000000009c500000| PB 0x000000009c500000| Untracked 
| 454|0x000000009c600000, 0x000000009c600000, 0x000000009c700000|  0%| F|  |TAMS 0x000000009c600000| PB 0x000000009c600000| Untracked 
| 455|0x000000009c700000, 0x000000009c700000, 0x000000009c800000|  0%| F|  |TAMS 0x000000009c700000| PB 0x000000009c700000| Untracked 
| 456|0x000000009c800000, 0x000000009c800000, 0x000000009c900000|  0%| F|  |TAMS 0x000000009c800000| PB 0x000000009c800000| Untracked 
| 457|0x000000009c900000, 0x000000009c900000, 0x000000009ca00000|  0%| F|  |TAMS 0x000000009c900000| PB 0x000000009c900000| Untracked 
| 458|0x000000009ca00000, 0x000000009ca00000, 0x000000009cb00000|  0%| F|  |TAMS 0x000000009ca00000| PB 0x000000009ca00000| Untracked 
| 459|0x000000009cb00000, 0x000000009cb00000, 0x000000009cc00000|  0%| F|  |TAMS 0x000000009cb00000| PB 0x000000009cb00000| Untracked 
| 460|0x000000009cc00000, 0x000000009cc00000, 0x000000009cd00000|  0%| F|  |TAMS 0x000000009cc00000| PB 0x000000009cc00000| Untracked 
| 461|0x000000009cd00000, 0x000000009cd00000, 0x000000009ce00000|  0%| F|  |TAMS 0x000000009cd00000| PB 0x000000009cd00000| Untracked 
| 462|0x000000009ce00000, 0x000000009ce00000, 0x000000009cf00000|  0%| F|  |TAMS 0x000000009ce00000| PB 0x000000009ce00000| Untracked 
| 463|0x000000009cf00000, 0x000000009cf00000, 0x000000009d000000|  0%| F|  |TAMS 0x000000009cf00000| PB 0x000000009cf00000| Untracked 
| 464|0x000000009d000000, 0x000000009d000000, 0x000000009d100000|  0%| F|  |TAMS 0x000000009d000000| PB 0x000000009d000000| Untracked 
| 465|0x000000009d100000, 0x000000009d100000, 0x000000009d200000|  0%| F|  |TAMS 0x000000009d100000| PB 0x000000009d100000| Untracked 
| 466|0x000000009d200000, 0x000000009d200000, 0x000000009d300000|  0%| F|  |TAMS 0x000000009d200000| PB 0x000000009d200000| Untracked 
| 467|0x000000009d300000, 0x000000009d300000, 0x000000009d400000|  0%| F|  |TAMS 0x000000009d300000| PB 0x000000009d300000| Untracked 
| 468|0x000000009d400000, 0x000000009d400000, 0x000000009d500000|  0%| F|  |TAMS 0x000000009d400000| PB 0x000000009d400000| Untracked 
| 469|0x000000009d500000, 0x000000009d500000, 0x000000009d600000|  0%| F|  |TAMS 0x000000009d500000| PB 0x000000009d500000| Untracked 
| 470|0x000000009d600000, 0x000000009d600000, 0x000000009d700000|  0%| F|  |TAMS 0x000000009d600000| PB 0x000000009d600000| Untracked 
| 471|0x000000009d700000, 0x000000009d700000, 0x000000009d800000|  0%| F|  |TAMS 0x000000009d700000| PB 0x000000009d700000| Untracked 
| 472|0x000000009d800000, 0x000000009d800000, 0x000000009d900000|  0%| F|  |TAMS 0x000000009d800000| PB 0x000000009d800000| Untracked 
| 473|0x000000009d900000, 0x000000009d900000, 0x000000009da00000|  0%| F|  |TAMS 0x000000009d900000| PB 0x000000009d900000| Untracked 
| 474|0x000000009da00000, 0x000000009da00000, 0x000000009db00000|  0%| F|  |TAMS 0x000000009da00000| PB 0x000000009da00000| Untracked 
| 475|0x000000009db00000, 0x000000009db00000, 0x000000009dc00000|  0%| F|  |TAMS 0x000000009db00000| PB 0x000000009db00000| Untracked 
| 476|0x000000009dc00000, 0x000000009dc00000, 0x000000009dd00000|  0%| F|  |TAMS 0x000000009dc00000| PB 0x000000009dc00000| Untracked 
| 477|0x000000009dd00000, 0x000000009dd00000, 0x000000009de00000|  0%| F|  |TAMS 0x000000009dd00000| PB 0x000000009dd00000| Untracked 
| 478|0x000000009de00000, 0x000000009de00000, 0x000000009df00000|  0%| F|  |TAMS 0x000000009de00000| PB 0x000000009de00000| Untracked 
| 479|0x000000009df00000, 0x000000009df00000, 0x000000009e000000|  0%| F|  |TAMS 0x000000009df00000| PB 0x000000009df00000| Untracked 
| 480|0x000000009e000000, 0x000000009e000000, 0x000000009e100000|  0%| F|  |TAMS 0x000000009e000000| PB 0x000000009e000000| Untracked 
| 481|0x000000009e100000, 0x000000009e100000, 0x000000009e200000|  0%| F|  |TAMS 0x000000009e100000| PB 0x000000009e100000| Untracked 
| 482|0x000000009e200000, 0x000000009e200000, 0x000000009e300000|  0%| F|  |TAMS 0x000000009e200000| PB 0x000000009e200000| Untracked 
| 483|0x000000009e300000, 0x000000009e300000, 0x000000009e400000|  0%| F|  |TAMS 0x000000009e300000| PB 0x000000009e300000| Untracked 
| 484|0x000000009e400000, 0x000000009e400000, 0x000000009e500000|  0%| F|  |TAMS 0x000000009e400000| PB 0x000000009e400000| Untracked 
| 485|0x000000009e500000, 0x000000009e500000, 0x000000009e600000|  0%| F|  |TAMS 0x000000009e500000| PB 0x000000009e500000| Untracked 
| 486|0x000000009e600000, 0x000000009e600000, 0x000000009e700000|  0%| F|  |TAMS 0x000000009e600000| PB 0x000000009e600000| Untracked 
| 487|0x000000009e700000, 0x000000009e700000, 0x000000009e800000|  0%| F|  |TAMS 0x000000009e700000| PB 0x000000009e700000| Untracked 
| 488|0x000000009e800000, 0x000000009e800000, 0x000000009e900000|  0%| F|  |TAMS 0x000000009e800000| PB 0x000000009e800000| Untracked 
| 489|0x000000009e900000, 0x000000009e900000, 0x000000009ea00000|  0%| F|  |TAMS 0x000000009e900000| PB 0x000000009e900000| Untracked 
| 490|0x000000009ea00000, 0x000000009ea00000, 0x000000009eb00000|  0%| F|  |TAMS 0x000000009ea00000| PB 0x000000009ea00000| Untracked 
| 491|0x000000009eb00000, 0x000000009eb00000, 0x000000009ec00000|  0%| F|  |TAMS 0x000000009eb00000| PB 0x000000009eb00000| Untracked 
| 492|0x000000009ec00000, 0x000000009ec00000, 0x000000009ed00000|  0%| F|  |TAMS 0x000000009ec00000| PB 0x000000009ec00000| Untracked 
| 493|0x000000009ed00000, 0x000000009ed00000, 0x000000009ee00000|  0%| F|  |TAMS 0x000000009ed00000| PB 0x000000009ed00000| Untracked 
| 494|0x000000009ee00000, 0x000000009ee00000, 0x000000009ef00000|  0%| F|  |TAMS 0x000000009ee00000| PB 0x000000009ee00000| Untracked 
| 495|0x000000009ef00000, 0x000000009ef00000, 0x000000009f000000|  0%| F|  |TAMS 0x000000009ef00000| PB 0x000000009ef00000| Untracked 
| 496|0x000000009f000000, 0x000000009f000000, 0x000000009f100000|  0%| F|  |TAMS 0x000000009f000000| PB 0x000000009f000000| Untracked 
| 497|0x000000009f100000, 0x000000009f100000, 0x000000009f200000|  0%| F|  |TAMS 0x000000009f100000| PB 0x000000009f100000| Untracked 
| 498|0x000000009f200000, 0x000000009f200000, 0x000000009f300000|  0%| F|  |TAMS 0x000000009f200000| PB 0x000000009f200000| Untracked 
| 499|0x000000009f300000, 0x000000009f300000, 0x000000009f400000|  0%| F|  |TAMS 0x000000009f300000| PB 0x000000009f300000| Untracked 
| 500|0x000000009f400000, 0x000000009f400000, 0x000000009f500000|  0%| F|  |TAMS 0x000000009f400000| PB 0x000000009f400000| Untracked 
| 501|0x000000009f500000, 0x000000009f500000, 0x000000009f600000|  0%| F|  |TAMS 0x000000009f500000| PB 0x000000009f500000| Untracked 
| 502|0x000000009f600000, 0x000000009f600000, 0x000000009f700000|  0%| F|  |TAMS 0x000000009f600000| PB 0x000000009f600000| Untracked 
| 503|0x000000009f700000, 0x000000009f700000, 0x000000009f800000|  0%| F|  |TAMS 0x000000009f700000| PB 0x000000009f700000| Untracked 
| 504|0x000000009f800000, 0x000000009f800000, 0x000000009f900000|  0%| F|  |TAMS 0x000000009f800000| PB 0x000000009f800000| Untracked 
| 505|0x000000009f900000, 0x000000009f900000, 0x000000009fa00000|  0%| F|  |TAMS 0x000000009f900000| PB 0x000000009f900000| Untracked 
| 506|0x000000009fa00000, 0x000000009fa00000, 0x000000009fb00000|  0%| F|  |TAMS 0x000000009fa00000| PB 0x000000009fa00000| Untracked 
| 507|0x000000009fb00000, 0x000000009fb00000, 0x000000009fc00000|  0%| F|  |TAMS 0x000000009fb00000| PB 0x000000009fb00000| Untracked 
| 508|0x000000009fc00000, 0x000000009fc00000, 0x000000009fd00000|  0%| F|  |TAMS 0x000000009fc00000| PB 0x000000009fc00000| Untracked 
| 509|0x000000009fd00000, 0x000000009fd00000, 0x000000009fe00000|  0%| F|  |TAMS 0x000000009fd00000| PB 0x000000009fd00000| Untracked 
| 510|0x000000009fe00000, 0x000000009fe00000, 0x000000009ff00000|  0%| F|  |TAMS 0x000000009fe00000| PB 0x000000009fe00000| Untracked 
| 511|0x000000009ff00000, 0x000000009ff00000, 0x00000000a0000000|  0%| F|  |TAMS 0x000000009ff00000| PB 0x000000009ff00000| Untracked 
| 512|0x00000000a0000000, 0x00000000a0000000, 0x00000000a0100000|  0%| F|  |TAMS 0x00000000a0000000| PB 0x00000000a0000000| Untracked 
| 513|0x00000000a0100000, 0x00000000a0100000, 0x00000000a0200000|  0%| F|  |TAMS 0x00000000a0100000| PB 0x00000000a0100000| Untracked 
| 514|0x00000000a0200000, 0x00000000a0200000, 0x00000000a0300000|  0%| F|  |TAMS 0x00000000a0200000| PB 0x00000000a0200000| Untracked 
| 515|0x00000000a0300000, 0x00000000a0300000, 0x00000000a0400000|  0%| F|  |TAMS 0x00000000a0300000| PB 0x00000000a0300000| Untracked 
| 516|0x00000000a0400000, 0x00000000a0400000, 0x00000000a0500000|  0%| F|  |TAMS 0x00000000a0400000| PB 0x00000000a0400000| Untracked 
| 517|0x00000000a0500000, 0x00000000a0500000, 0x00000000a0600000|  0%| F|  |TAMS 0x00000000a0500000| PB 0x00000000a0500000| Untracked 
| 518|0x00000000a0600000, 0x00000000a0600000, 0x00000000a0700000|  0%| F|  |TAMS 0x00000000a0600000| PB 0x00000000a0600000| Untracked 
| 519|0x00000000a0700000, 0x00000000a0700000, 0x00000000a0800000|  0%| F|  |TAMS 0x00000000a0700000| PB 0x00000000a0700000| Untracked 
| 520|0x00000000a0800000, 0x00000000a0800000, 0x00000000a0900000|  0%| F|  |TAMS 0x00000000a0800000| PB 0x00000000a0800000| Untracked 
| 521|0x00000000a0900000, 0x00000000a0900000, 0x00000000a0a00000|  0%| F|  |TAMS 0x00000000a0900000| PB 0x00000000a0900000| Untracked 
| 522|0x00000000a0a00000, 0x00000000a0ae0460, 0x00000000a0b00000| 87%| E|  |TAMS 0x00000000a0a00000| PB 0x00000000a0a00000| Complete 
| 523|0x00000000a0b00000, 0x00000000a0c00000, 0x00000000a0c00000|100%| E|CS|TAMS 0x00000000a0b00000| PB 0x00000000a0b00000| Complete 
| 524|0x00000000a0c00000, 0x00000000a0d00000, 0x00000000a0d00000|100%| E|CS|TAMS 0x00000000a0c00000| PB 0x00000000a0c00000| Complete 
| 525|0x00000000a0d00000, 0x00000000a0e00000, 0x00000000a0e00000|100%| E|CS|TAMS 0x00000000a0d00000| PB 0x00000000a0d00000| Complete 
| 526|0x00000000a0e00000, 0x00000000a0f00000, 0x00000000a0f00000|100%| E|CS|TAMS 0x00000000a0e00000| PB 0x00000000a0e00000| Complete 
| 527|0x00000000a0f00000, 0x00000000a1000000, 0x00000000a1000000|100%| E|CS|TAMS 0x00000000a0f00000| PB 0x00000000a0f00000| Complete 
| 528|0x00000000a1000000, 0x00000000a1100000, 0x00000000a1100000|100%| E|CS|TAMS 0x00000000a1000000| PB 0x00000000a1000000| Complete 
| 529|0x00000000a1100000, 0x00000000a1200000, 0x00000000a1200000|100%| E|CS|TAMS 0x00000000a1100000| PB 0x00000000a1100000| Complete 
| 530|0x00000000a1200000, 0x00000000a1300000, 0x00000000a1300000|100%| E|CS|TAMS 0x00000000a1200000| PB 0x00000000a1200000| Complete 
| 531|0x00000000a1300000, 0x00000000a1400000, 0x00000000a1400000|100%| E|CS|TAMS 0x00000000a1300000| PB 0x00000000a1300000| Complete 
| 532|0x00000000a1400000, 0x00000000a1500000, 0x00000000a1500000|100%| E|CS|TAMS 0x00000000a1400000| PB 0x00000000a1400000| Complete 
| 533|0x00000000a1500000, 0x00000000a1600000, 0x00000000a1600000|100%| E|CS|TAMS 0x00000000a1500000| PB 0x00000000a1500000| Complete 
| 534|0x00000000a1600000, 0x00000000a1700000, 0x00000000a1700000|100%| E|CS|TAMS 0x00000000a1600000| PB 0x00000000a1600000| Complete 
| 535|0x00000000a1700000, 0x00000000a1800000, 0x00000000a1800000|100%| E|CS|TAMS 0x00000000a1700000| PB 0x00000000a1700000| Complete 
| 536|0x00000000a1800000, 0x00000000a1900000, 0x00000000a1900000|100%| E|CS|TAMS 0x00000000a1800000| PB 0x00000000a1800000| Complete 
| 537|0x00000000a1900000, 0x00000000a1a00000, 0x00000000a1a00000|100%| E|CS|TAMS 0x00000000a1900000| PB 0x00000000a1900000| Complete 
| 538|0x00000000a1a00000, 0x00000000a1b00000, 0x00000000a1b00000|100%| E|CS|TAMS 0x00000000a1a00000| PB 0x00000000a1a00000| Complete 
| 539|0x00000000a1b00000, 0x00000000a1c00000, 0x00000000a1c00000|100%| E|CS|TAMS 0x00000000a1b00000| PB 0x00000000a1b00000| Complete 
|2007|0x00000000fd700000, 0x00000000fd800000, 0x00000000fd800000|100%| E|CS|TAMS 0x00000000fd700000| PB 0x00000000fd700000| Complete 
|2008|0x00000000fd800000, 0x00000000fd900000, 0x00000000fd900000|100%| E|CS|TAMS 0x00000000fd800000| PB 0x00000000fd800000| Complete 
|2009|0x00000000fd900000, 0x00000000fda00000, 0x00000000fda00000|100%| O|  |TAMS 0x00000000fd900000| PB 0x00000000fd900000| Untracked 
|2010|0x00000000fda00000, 0x00000000fdb00000, 0x00000000fdb00000|100%| O|  |TAMS 0x00000000fda00000| PB 0x00000000fda00000| Untracked 
|2011|0x00000000fdb00000, 0x00000000fdc00000, 0x00000000fdc00000|100%| E|CS|TAMS 0x00000000fdb00000| PB 0x00000000fdb00000| Complete 
|2012|0x00000000fdc00000, 0x00000000fdd00000, 0x00000000fdd00000|100%| E|CS|TAMS 0x00000000fdc00000| PB 0x00000000fdc00000| Complete 
|2013|0x00000000fdd00000, 0x00000000fde00000, 0x00000000fde00000|100%| E|CS|TAMS 0x00000000fdd00000| PB 0x00000000fdd00000| Complete 
|2014|0x00000000fde00000, 0x00000000fdf00000, 0x00000000fdf00000|100%| E|CS|TAMS 0x00000000fde00000| PB 0x00000000fde00000| Complete 
|2015|0x00000000fdf00000, 0x00000000fe000000, 0x00000000fe000000|100%| E|CS|TAMS 0x00000000fdf00000| PB 0x00000000fdf00000| Complete 
|2016|0x00000000fe000000, 0x00000000fe100000, 0x00000000fe100000|100%| E|CS|TAMS 0x00000000fe000000| PB 0x00000000fe000000| Complete 
|2017|0x00000000fe100000, 0x00000000fe200000, 0x00000000fe200000|100%| E|CS|TAMS 0x00000000fe100000| PB 0x00000000fe100000| Complete 
|2018|0x00000000fe200000, 0x00000000fe300000, 0x00000000fe300000|100%| E|CS|TAMS 0x00000000fe200000| PB 0x00000000fe200000| Complete 
|2019|0x00000000fe300000, 0x00000000fe400000, 0x00000000fe400000|100%| E|CS|TAMS 0x00000000fe300000| PB 0x00000000fe300000| Complete 
|2020|0x00000000fe400000, 0x00000000fe500000, 0x00000000fe500000|100%| E|CS|TAMS 0x00000000fe400000| PB 0x00000000fe400000| Complete 
|2021|0x00000000fe500000, 0x00000000fe600000, 0x00000000fe600000|100%| O|  |TAMS 0x00000000fe500000| PB 0x00000000fe500000| Untracked 
|2022|0x00000000fe600000, 0x00000000fe700000, 0x00000000fe700000|100%| E|  |TAMS 0x00000000fe600000| PB 0x00000000fe600000| Complete 
|2023|0x00000000fe700000, 0x00000000fe800000, 0x00000000fe800000|100%| E|CS|TAMS 0x00000000fe700000| PB 0x00000000fe700000| Complete 
|2024|0x00000000fe800000, 0x00000000fe900000, 0x00000000fe900000|100%| E|CS|TAMS 0x00000000fe800000| PB 0x00000000fe800000| Complete 
|2025|0x00000000fe900000, 0x00000000fea00000, 0x00000000fea00000|100%| E|CS|TAMS 0x00000000fe900000| PB 0x00000000fe900000| Complete 
|2026|0x00000000fea00000, 0x00000000feb00000, 0x00000000feb00000|100%| E|CS|TAMS 0x00000000fea00000| PB 0x00000000fea00000| Complete 
|2027|0x00000000feb00000, 0x00000000fec00000, 0x00000000fec00000|100%| O|  |TAMS 0x00000000feb00000| PB 0x00000000feb00000| Untracked 
|2028|0x00000000fec00000, 0x00000000fed00000, 0x00000000fed00000|100%| E|CS|TAMS 0x00000000fec00000| PB 0x00000000fec00000| Complete 
|2029|0x00000000fed00000, 0x00000000fee00000, 0x00000000fee00000|100%| E|CS|TAMS 0x00000000fed00000| PB 0x00000000fed00000| Complete 
|2030|0x00000000fee00000, 0x00000000fef00000, 0x00000000fef00000|100%| E|CS|TAMS 0x00000000fee00000| PB 0x00000000fee00000| Complete 
|2031|0x00000000fef00000, 0x00000000ff000000, 0x00000000ff000000|100%| O|  |TAMS 0x00000000fef00000| PB 0x00000000fef00000| Untracked 
|2032|0x00000000ff000000, 0x00000000ff100000, 0x00000000ff100000|100%| O|  |TAMS 0x00000000ff000000| PB 0x00000000ff000000| Untracked 
|2033|0x00000000ff100000, 0x00000000ff200000, 0x00000000ff200000|100%| O|  |TAMS 0x00000000ff100000| PB 0x00000000ff100000| Untracked 
|2034|0x00000000ff200000, 0x00000000ff300000, 0x00000000ff300000|100%| O|  |TAMS 0x00000000ff200000| PB 0x00000000ff200000| Untracked 
|2035|0x00000000ff300000, 0x00000000ff400000, 0x00000000ff400000|100%| O|  |TAMS 0x00000000ff300000| PB 0x00000000ff300000| Untracked 
|2036|0x00000000ff400000, 0x00000000ff500000, 0x00000000ff500000|100%| O|  |TAMS 0x00000000ff400000| PB 0x00000000ff400000| Untracked 
|2037|0x00000000ff500000, 0x00000000ff600000, 0x00000000ff600000|100%| E|CS|TAMS 0x00000000ff500000| PB 0x00000000ff500000| Complete 
|2038|0x00000000ff600000, 0x00000000ff700000, 0x00000000ff700000|100%| O|  |TAMS 0x00000000ff600000| PB 0x00000000ff600000| Untracked 
|2039|0x00000000ff700000, 0x00000000ff800000, 0x00000000ff800000|100%| O|  |TAMS 0x00000000ff700000| PB 0x00000000ff700000| Untracked 
|2040|0x00000000ff800000, 0x00000000ff900000, 0x00000000ff900000|100%| E|CS|TAMS 0x00000000ff800000| PB 0x00000000ff800000| Complete 
|2041|0x00000000ff900000, 0x00000000ffa00000, 0x00000000ffa00000|100%| O|  |TAMS 0x00000000ff900000| PB 0x00000000ff900000| Untracked 
|2042|0x00000000ffa00000, 0x00000000ffb00000, 0x00000000ffb00000|100%| O|  |TAMS 0x00000000ffa00000| PB 0x00000000ffa00000| Untracked 
|2043|0x00000000ffb00000, 0x00000000ffc00000, 0x00000000ffc00000|100%| O|  |TAMS 0x00000000ffb00000| PB 0x00000000ffb00000| Untracked 
|2044|0x00000000ffc00000, 0x00000000ffd00000, 0x00000000ffd00000|100%| O|  |TAMS 0x00000000ffc00000| PB 0x00000000ffc00000| Untracked 
|2045|0x00000000ffd00000, 0x00000000ffe00000, 0x00000000ffe00000|100%| O|  |TAMS 0x00000000ffd00000| PB 0x00000000ffd00000| Untracked 
|2046|0x00000000ffe00000, 0x00000000fff00000, 0x00000000fff00000|100%| O|  |TAMS 0x00000000ffe00000| PB 0x00000000ffe00000| Untracked 
|2047|0x00000000fff00000, 0x0000000100000000, 0x0000000100000000|100%| O|  |TAMS 0x00000000fff00000| PB 0x00000000fff00000| Untracked 

Card table byte_map: [0x0000023095830000,0x0000023095c30000] _byte_map_base: 0x0000023095430000

Marking Bits: (CMBitMap*) 0x0000023082e069f0
 Bits: [0x0000023095c30000, 0x0000023097c30000)

Polling page: 0x0000023080b70000

Metaspace:

Usage:
  Non-class:    134.83 MB used.
      Class:     19.44 MB used.
       Both:    154.27 MB used.

Virtual space:
  Non-class space:      192.00 MB reserved,     136.00 MB ( 71%) committed,  3 nodes.
      Class space:        1.00 GB reserved,      20.62 MB (  2%) committed,  1 nodes.
             Both:        1.19 GB reserved,     156.62 MB ( 13%) committed. 

Chunk freelists:
   Non-Class:  7.95 MB
       Class:  11.36 MB
        Both:  19.31 MB

MaxMetaspaceSize: unlimited
CompressedClassSpaceSize: 1.00 GB
Initial GC threshold: 21.00 MB
Current GC threshold: 261.06 MB
CDS: off
 - commit_granule_bytes: 65536.
 - commit_granule_words: 8192.
 - virtual_space_node_default_size: 8388608.
 - enlarge_chunks_in_place: 1.
 - use_allocation_guard: 0.


Internal statistics:

num_allocs_failed_limit: 6.
num_arena_births: 4482.
num_arena_deaths: 0.
num_vsnodes_births: 4.
num_vsnodes_deaths: 0.
num_space_committed: 2504.
num_space_uncommitted: 0.
num_chunks_returned_to_freelist: 6.
num_chunks_taken_from_freelist: 10548.
num_chunk_merges: 6.
num_chunk_splits: 7430.
num_chunks_enlarged: 5215.
num_inconsistent_stats: 0.

CodeHeap 'non-profiled nmethods': size=120000Kb used=8306Kb max_used=8378Kb free=111693Kb
 bounds [0x000002308d9b0000, 0x000002308e1f0000, 0x0000023094ee0000]
CodeHeap 'profiled nmethods': size=120000Kb used=30980Kb max_used=31183Kb free=89020Kb
 bounds [0x0000023085ee0000, 0x0000023087d80000, 0x000002308d410000]
CodeHeap 'non-nmethods': size=5760Kb used=3160Kb max_used=3239Kb free=2599Kb
 bounds [0x000002308d410000, 0x000002308d740000, 0x000002308d9b0000]
 total_blobs=15981 nmethods=14782 adapters=1100
 compilation: enabled
              stopped_count=0, restarted_count=0
 full_count=0

Compilation events (20 events):
Event: 67.079 Thread 0x000002309aaec500 17634       2       org.gradle.internal.classpath.transforms.LambdaSerializationTransformer::access$200 (4 bytes)
Event: 67.079 Thread 0x000002309aaec500 nmethod 17634 0x0000023087d53990 code [0x0000023087d53b20, 0x0000023087d53c10]
Event: 67.079 Thread 0x000002309aaec500 17635       2       org.gradle.internal.classpath.transforms.LambdaSerializationTransformer::access$300 (4 bytes)
Event: 67.079 Thread 0x000002309aaec500 nmethod 17635 0x0000023087d53c90 code [0x0000023087d53e20, 0x0000023087d53f10]
Event: 67.378 Thread 0x000002309aaec500 17636       2       java.util.Formatter$Flags::contains (13 bytes)
Event: 67.379 Thread 0x000002309aaec500 nmethod 17636 0x00000230865ef010 code [0x00000230865ef1a0, 0x00000230865ef298]
Event: 67.401 Thread 0x000002309aaeaf00 nmethod 17612 0x000002308e1de990 code [0x000002308e1df260, 0x000002308e1e4080]
Event: 67.401 Thread 0x000002309aaeaf00 17489       4       org.objectweb.asm.AnnotationWriter::visitEnd (44 bytes)
Event: 67.405 Thread 0x000002309aaeaf00 nmethod 17489 0x000002308e116090 code [0x000002308e116220, 0x000002308e116358]
Event: 67.405 Thread 0x000002309aaeaf00 17453       4       org.objectweb.asm.MethodWriter::computeMethodInfoSize (571 bytes)
Event: 67.422 Thread 0x000002309aaec500 17637       2       org.gradle.internal.classpath.transforms.LambdaSerializationTransformer::access$100 (4 bytes)
Event: 67.422 Thread 0x000002309aaec500 nmethod 17637 0x0000023086635a10 code [0x0000023086635ba0, 0x0000023086635c90]
Event: 67.422 Thread 0x000002309aaec500 17638       2       org.objectweb.asm.commons.CodeSizeEvaluator::visitLdcInsn (81 bytes)
Event: 67.423 Thread 0x000002309aaec500 nmethod 17638 0x0000023085fea590 code [0x0000023085fea760, 0x0000023085feaa10]
Event: 67.454 Thread 0x000002309aaeaf00 nmethod 17453 0x000002308dd73b10 code [0x000002308dd73de0, 0x000002308dd747c0]
Event: 67.454 Thread 0x000002309aaeaf00 17618       4       org.objectweb.asm.ClassReader::readVerificationTypeInfo (184 bytes)
Event: 67.528 Thread 0x000002309aaec500 17640       2       java.util.Formatter::ensureOpen (16 bytes)
Event: 67.528 Thread 0x000002309aaec500 nmethod 17640 0x0000023086104210 code [0x00000230861043c0, 0x0000023086104538]
Event: 67.545 Thread 0x000002309aaec500 17642       2       org.objectweb.asm.commons.CodeSizeEvaluator::visitInsn (26 bytes)
Event: 67.546 Thread 0x000002309aaec500 nmethod 17642 0x00000230863c9290 code [0x00000230863c9440, 0x00000230863c9590]

GC Heap History (20 events):
Event: 57.338 GC heap before
{Heap before GC invocations=49 (full 0):
 garbage-first heap   total 288768K, used 260677K [0x0000000080000000, 0x0000000100000000)
  region size 1024K, 93 young (95232K), 7 survivors (7168K)
 Metaspace       used 156494K, committed 158912K, reserved 1245184K
  class space    used 19803K, committed 20992K, reserved 1048576K
}
Event: 57.355 GC heap after
{Heap after GC invocations=50 (full 0):
 garbage-first heap   total 288768K, used 175047K [0x0000000080000000, 0x0000000100000000)
  region size 1024K, 7 young (7168K), 7 survivors (7168K)
 Metaspace       used 156494K, committed 158912K, reserved 1245184K
  class space    used 19803K, committed 20992K, reserved 1048576K
}
Event: 57.895 GC heap before
{Heap before GC invocations=50 (full 0):
 garbage-first heap   total 288768K, used 268231K [0x0000000080000000, 0x0000000100000000)
  region size 1024K, 95 young (97280K), 7 survivors (7168K)
 Metaspace       used 156602K, committed 158976K, reserved 1245184K
  class space    used 19810K, committed 20992K, reserved 1048576K
}
Event: 57.924 GC heap after
{Heap after GC invocations=51 (full 0):
 garbage-first heap   total 309248K, used 202644K [0x0000000080000000, 0x0000000100000000)
  region size 1024K, 12 young (12288K), 12 survivors (12288K)
 Metaspace       used 156602K, committed 158976K, reserved 1245184K
  class space    used 19810K, committed 20992K, reserved 1048576K
}
Event: 58.191 GC heap before
{Heap before GC invocations=51 (full 0):
 garbage-first heap   total 309248K, used 251796K [0x0000000080000000, 0x0000000100000000)
  region size 1024K, 61 young (62464K), 12 survivors (12288K)
 Metaspace       used 156604K, committed 158976K, reserved 1245184K
  class space    used 19810K, committed 20992K, reserved 1048576K
}
Event: 58.239 GC heap after
{Heap after GC invocations=52 (full 0):
 garbage-first heap   total 384000K, used 232960K [0x0000000080000000, 0x0000000100000000)
  region size 1024K, 10 young (10240K), 10 survivors (10240K)
 Metaspace       used 156604K, committed 158976K, reserved 1245184K
  class space    used 19810K, committed 20992K, reserved 1048576K
}
Event: 58.267 GC heap before
{Heap before GC invocations=52 (full 0):
 garbage-first heap   total 384000K, used 237056K [0x0000000080000000, 0x0000000100000000)
  region size 1024K, 13 young (13312K), 10 survivors (10240K)
 Metaspace       used 156604K, committed 158976K, reserved 1245184K
  class space    used 19810K, committed 20992K, reserved 1048576K
}
Event: 58.284 GC heap after
{Heap after GC invocations=53 (full 0):
 garbage-first heap   total 384000K, used 240518K [0x0000000080000000, 0x0000000100000000)
  region size 1024K, 4 young (4096K), 4 survivors (4096K)
 Metaspace       used 156604K, committed 158976K, reserved 1245184K
  class space    used 19810K, committed 20992K, reserved 1048576K
}
Event: 59.246 GC heap before
{Heap before GC invocations=54 (full 0):
 garbage-first heap   total 393216K, used 292742K [0x0000000080000000, 0x0000000100000000)
  region size 1024K, 62 young (63488K), 4 survivors (4096K)
 Metaspace       used 156919K, committed 159296K, reserved 1245184K
  class space    used 19846K, committed 21056K, reserved 1048576K
}
Event: 59.293 GC heap after
{Heap after GC invocations=55 (full 0):
 garbage-first heap   total 393216K, used 246603K [0x0000000080000000, 0x0000000100000000)
  region size 1024K, 8 young (8192K), 8 survivors (8192K)
 Metaspace       used 156919K, committed 159296K, reserved 1245184K
  class space    used 19846K, committed 21056K, reserved 1048576K
}
Event: 60.949 GC heap before
{Heap before GC invocations=55 (full 0):
 garbage-first heap   total 393216K, used 312139K [0x0000000080000000, 0x0000000100000000)
  region size 1024K, 73 young (74752K), 8 survivors (8192K)
 Metaspace       used 157566K, committed 160000K, reserved 1245184K
  class space    used 19901K, committed 21120K, reserved 1048576K
}
Event: 61.013 GC heap after
{Heap after GC invocations=56 (full 0):
 garbage-first heap   total 393216K, used 235839K [0x0000000080000000, 0x0000000100000000)
  region size 1024K, 8 young (8192K), 8 survivors (8192K)
 Metaspace       used 157566K, committed 160000K, reserved 1245184K
  class space    used 19901K, committed 21120K, reserved 1048576K
}
Event: 61.312 GC heap before
{Heap before GC invocations=56 (full 0):
 garbage-first heap   total 393216K, used 249151K [0x0000000080000000, 0x0000000100000000)
  region size 1024K, 22 young (22528K), 8 survivors (8192K)
 Metaspace       used 157622K, committed 160064K, reserved 1245184K
  class space    used 19902K, committed 21120K, reserved 1048576K
}
Event: 61.337 GC heap after
{Heap after GC invocations=57 (full 0):
 garbage-first heap   total 393216K, used 237359K [0x0000000080000000, 0x0000000100000000)
  region size 1024K, 2 young (2048K), 2 survivors (2048K)
 Metaspace       used 157622K, committed 160064K, reserved 1245184K
  class space    used 19902K, committed 21120K, reserved 1048576K
}
Event: 64.253 GC heap before
{Heap before GC invocations=58 (full 0):
 garbage-first heap   total 398336K, used 322351K [0x0000000080000000, 0x0000000100000000)
  region size 1024K, 84 young (86016K), 2 survivors (2048K)
 Metaspace       used 157909K, committed 160320K, reserved 1245184K
  class space    used 19905K, committed 21120K, reserved 1048576K
}
Event: 64.277 GC heap after
{Heap after GC invocations=59 (full 0):
 garbage-first heap   total 398336K, used 243467K [0x0000000080000000, 0x0000000100000000)
  region size 1024K, 6 young (6144K), 6 survivors (6144K)
 Metaspace       used 157909K, committed 160320K, reserved 1245184K
  class space    used 19905K, committed 21120K, reserved 1048576K
}
Event: 65.857 GC heap before
{Heap before GC invocations=59 (full 0):
 garbage-first heap   total 398336K, used 334603K [0x0000000080000000, 0x0000000100000000)
  region size 1024K, 94 young (96256K), 6 survivors (6144K)
 Metaspace       used 157955K, committed 160384K, reserved 1245184K
  class space    used 19905K, committed 21120K, reserved 1048576K
}
Event: 65.920 GC heap after
{Heap after GC invocations=60 (full 0):
 garbage-first heap   total 398336K, used 241816K [0x0000000080000000, 0x0000000100000000)
  region size 1024K, 12 young (12288K), 12 survivors (12288K)
 Metaspace       used 157955K, committed 160384K, reserved 1245184K
  class space    used 19905K, committed 21120K, reserved 1048576K
}
Event: 66.689 GC heap before
{Heap before GC invocations=60 (full 0):
 garbage-first heap   total 398336K, used 333976K [0x0000000080000000, 0x0000000100000000)
  region size 1024K, 103 young (105472K), 12 survivors (12288K)
 Metaspace       used 157959K, committed 160384K, reserved 1245184K
  class space    used 19905K, committed 21120K, reserved 1048576K
}
Event: 66.901 GC heap after
{Heap after GC invocations=61 (full 0):
 garbage-first heap   total 594944K, used 251333K [0x0000000080000000, 0x0000000100000000)
  region size 1024K, 9 young (9216K), 9 survivors (9216K)
 Metaspace       used 157959K, committed 160384K, reserved 1245184K
  class space    used 19905K, committed 21120K, reserved 1048576K
}

Dll operation events (3 events):
Event: 0.060 Loaded shared library C:\Program Files\Android\Android Studio1\jbr\bin\java.dll
Event: 0.078 Loaded shared library C:\Program Files\Android\Android Studio1\jbr\bin\zip.dll
Event: 1.670 Loaded shared library C:\Program Files\Android\Android Studio1\jbr\bin\verify.dll

Deoptimization events (20 events):
Event: 66.973 Thread 0x00000230b0389dc0 DEOPT PACKING pc=0x0000023086681132 sp=0x000000bfa59fa6f0
Event: 66.973 Thread 0x00000230b0389dc0 DEOPT UNPACKING pc=0x000002308d464e42 sp=0x000000bfa59f9e00 mode 0
Event: 67.022 Thread 0x00000230b02e3910 Uncommon trap: trap_request=0xffffff45 fr.pc=0x000002308e1adfd8 relative=0x00000000000008d8
Event: 67.022 Thread 0x00000230b02e3910 Uncommon trap: reason=unstable_if action=reinterpret pc=0x000002308e1adfd8 method=org.objectweb.asm.ClassReader.readElementValue(Lorg/objectweb/asm/AnnotationVisitor;ILjava/lang/String;[C)I @ 102 c2
Event: 67.022 Thread 0x00000230b02e3910 DEOPT PACKING pc=0x000002308e1adfd8 sp=0x000000bfa54fa780
Event: 67.022 Thread 0x00000230b02e3910 DEOPT UNPACKING pc=0x000002308d4646a2 sp=0x000000bfa54fa6e0 mode 2
Event: 67.022 Thread 0x00000230b02e3910 Uncommon trap: trap_request=0xffffff45 fr.pc=0x000002308e1c64e0 relative=0x00000000000012e0
Event: 67.022 Thread 0x00000230b02e3910 Uncommon trap: reason=unstable_if action=reinterpret pc=0x000002308e1c64e0 method=org.objectweb.asm.AnnotationWriter.visit(Ljava/lang/String;Ljava/lang/Object;)V @ 226 c2
Event: 67.022 Thread 0x00000230b02e3910 DEOPT PACKING pc=0x000002308e1c64e0 sp=0x000000bfa54fa660
Event: 67.022 Thread 0x00000230b02e3910 DEOPT UNPACKING pc=0x000002308d4646a2 sp=0x000000bfa54fa640 mode 2
Event: 67.396 Thread 0x00000230b02e5350 DEOPT PACKING pc=0x0000023086681132 sp=0x000000bfa52fa510
Event: 67.396 Thread 0x00000230b02e5350 DEOPT UNPACKING pc=0x000002308d464e42 sp=0x000000bfa52f9c20 mode 0
Event: 67.463 Thread 0x00000230b02e5350 DEOPT PACKING pc=0x00000230866822c1 sp=0x000000bfa52fa510
Event: 67.463 Thread 0x00000230b02e5350 DEOPT UNPACKING pc=0x000002308d464e42 sp=0x000000bfa52f9c20 mode 0
Event: 67.523 Thread 0x00000230b02e59e0 DEOPT PACKING pc=0x0000023086681132 sp=0x000000bfa55fa9b0
Event: 67.523 Thread 0x00000230b02e59e0 DEOPT UNPACKING pc=0x000002308d464e42 sp=0x000000bfa55fa0c0 mode 0
Event: 67.538 Thread 0x00000230b02e59e0 DEOPT PACKING pc=0x00000230866822c1 sp=0x000000bfa55fa9b0
Event: 67.538 Thread 0x00000230b02e59e0 DEOPT UNPACKING pc=0x000002308d464e42 sp=0x000000bfa55fa0c0 mode 0
Event: 67.587 Thread 0x00000230b02e5350 DEOPT PACKING pc=0x00000230866822c1 sp=0x000000bfa52fa510
Event: 67.587 Thread 0x00000230b02e5350 DEOPT UNPACKING pc=0x000002308d464e42 sp=0x000000bfa52f9c20 mode 0

Classes loaded (20 events):
Event: 51.740 Loading class com/sun/org/apache/xerces/internal/dom/CharacterDataImpl
Event: 51.741 Loading class com/sun/org/apache/xerces/internal/dom/CharacterDataImpl done
Event: 51.741 Loading class com/sun/org/apache/xerces/internal/dom/TextImpl done
Event: 51.741 Loading class com/sun/org/apache/xerces/internal/dom/DeferredTextImpl done
Event: 51.741 Loading class com/sun/org/apache/xerces/internal/dom/CharacterDataImpl$1
Event: 51.741 Loading class com/sun/org/apache/xerces/internal/dom/CharacterDataImpl$1 done
Event: 51.771 Loading class org/w3c/dom/Comment
Event: 51.771 Loading class org/w3c/dom/Comment done
Event: 52.119 Loading class java/util/Collections$ReverseComparator
Event: 52.120 Loading class java/util/Collections$ReverseComparator done
Event: 52.120 Loading class java/util/Collections$ReverseComparator2
Event: 52.120 Loading class java/util/Collections$ReverseComparator2 done
Event: 52.452 Loading class java/util/LinkedList$LLSpliterator
Event: 52.453 Loading class java/util/LinkedList$LLSpliterator done
Event: 59.133 Loading class java/util/Collections$UnmodifiableSortedMap
Event: 59.137 Loading class java/util/Collections$UnmodifiableSortedMap done
Event: 59.144 Loading class java/util/zip/Deflater
Event: 59.151 Loading class java/util/zip/Deflater done
Event: 59.164 Loading class java/util/zip/Deflater$DeflaterZStreamRef
Event: 59.165 Loading class java/util/zip/Deflater$DeflaterZStreamRef done

Classes unloaded (0 events):
No events

Classes redefined (0 events):
No events

Internal exceptions (20 events):
Event: 54.809 Thread 0x000002309fdb0130 Implicit null exception at 0x000002308e118427 to 0x000002308e118855
Event: 59.003 Thread 0x00000230b0389dc0 Implicit null exception at 0x000002308e030518 to 0x000002308e030d18
Event: 59.021 Thread 0x00000230b0389dc0 Exception <a 'sun/nio/fs/WindowsException'{0x0000000092a95cb0}> (0x0000000092a95cb0) 
thrown [s\src\hotspot\share\prims\jni.cpp, line 535]
Event: 59.515 Thread 0x00000230b02e5350 Exception <a 'sun/nio/fs/WindowsException'{0x000000009554f958}> (0x000000009554f958) 
thrown [s\src\hotspot\share\prims\jni.cpp, line 535]
Event: 60.089 Thread 0x00000230b02e3fa0 Exception <a 'sun/nio/fs/WindowsException'{0x00000000946767f8}> (0x00000000946767f8) 
thrown [s\src\hotspot\share\prims\jni.cpp, line 535]
Event: 60.681 Thread 0x00000230a05df790 Exception <a 'sun/nio/fs/WindowsException'{0x0000000093243870}> (0x0000000093243870) 
thrown [s\src\hotspot\share\prims\jni.cpp, line 535]
Event: 60.724 Thread 0x00000230b0388380 Exception <a 'sun/nio/fs/WindowsException'{0x000000009292b8c0}> (0x000000009292b8c0) 
thrown [s\src\hotspot\share\prims\jni.cpp, line 535]
Event: 60.740 Thread 0x00000230b02df770 Exception <a 'sun/nio/fs/WindowsException'{0x0000000092500128}> (0x0000000092500128) 
thrown [s\src\hotspot\share\prims\jni.cpp, line 535]
Event: 61.304 Thread 0x00000230b02e5350 Exception <a 'sun/nio/fs/WindowsException'{0x00000000fe1bd2f8}> (0x00000000fe1bd2f8) 
thrown [s\src\hotspot\share\prims\jni.cpp, line 535]
Event: 64.790 Thread 0x00000230b02df770 Implicit null exception at 0x000002308e1918e9 to 0x000002308e19198c
Event: 64.955 Thread 0x00000230b0389dc0 Exception <a 'sun/nio/fs/WindowsException'{0x00000000fdc1c008}> (0x00000000fdc1c008) 
thrown [s\src\hotspot\share\prims\jni.cpp, line 535]
Event: 65.231 Thread 0x00000230b02e2560 Exception <a 'sun/nio/fs/WindowsException'{0x00000000953cfb10}> (0x00000000953cfb10) 
thrown [s\src\hotspot\share\prims\jni.cpp, line 535]
Event: 65.316 Thread 0x00000230b02e6070 Exception <a 'sun/nio/fs/WindowsException'{0x00000000953a2080}> (0x00000000953a2080) 
thrown [s\src\hotspot\share\prims\jni.cpp, line 535]
Event: 65.375 Thread 0x00000230b02e2bf0 Exception <a 'sun/nio/fs/WindowsException'{0x00000000953ffcf0}> (0x00000000953ffcf0) 
thrown [s\src\hotspot\share\prims\jni.cpp, line 535]
Event: 65.447 Thread 0x00000230b0388380 Exception <a 'sun/nio/fs/WindowsException'{0x0000000094650af8}> (0x0000000094650af8) 
thrown [s\src\hotspot\share\prims\jni.cpp, line 535]
Event: 65.498 Thread 0x00000230b02e3fa0 Exception <a 'sun/nio/fs/WindowsException'{0x00000000947eb798}> (0x00000000947eb798) 
thrown [s\src\hotspot\share\prims\jni.cpp, line 535]
Event: 65.506 Thread 0x00000230a05df790 Exception <a 'sun/nio/fs/WindowsException'{0x00000000946f4450}> (0x00000000946f4450) 
thrown [s\src\hotspot\share\prims\jni.cpp, line 535]
Event: 65.527 Thread 0x00000230b02df770 Exception <a 'sun/nio/fs/WindowsException'{0x00000000943e3190}> (0x00000000943e3190) 
thrown [s\src\hotspot\share\prims\jni.cpp, line 535]
Event: 65.795 Thread 0x00000230b02e3910 Exception <a 'sun/nio/fs/WindowsException'{0x00000000922057d8}> (0x00000000922057d8) 
thrown [s\src\hotspot\share\prims\jni.cpp, line 535]
Event: 66.419 Thread 0x00000230b02e59e0 Exception <a 'sun/nio/fs/WindowsException'{0x00000000fe23da18}> (0x00000000fe23da18) 
thrown [s\src\hotspot\share\prims\jni.cpp, line 535]

ZGC Phase Switch (0 events):
No events

VM Operations (20 events):
Event: 61.682 Executing VM operation: G1PauseRemark done
Event: 61.917 Executing VM operation: G1PauseCleanup
Event: 61.920 Executing VM operation: G1PauseCleanup done
Event: 62.929 Executing VM operation: Cleanup
Event: 62.930 Executing VM operation: Cleanup done
Event: 63.939 Executing VM operation: Cleanup
Event: 63.956 Executing VM operation: Cleanup done
Event: 64.233 Executing VM operation: G1CollectForAllocation (G1 Evacuation Pause)
Event: 64.277 Executing VM operation: G1CollectForAllocation (G1 Evacuation Pause) done
Event: 65.287 Executing VM operation: Cleanup
Event: 65.306 Executing VM operation: Cleanup done
Event: 65.857 Executing VM operation: G1CollectForAllocation (G1 Evacuation Pause)
Event: 65.920 Executing VM operation: G1CollectForAllocation (G1 Evacuation Pause) done
Event: 66.689 Executing VM operation: G1CollectForAllocation (G1 Evacuation Pause)
Event: 66.689 Executing VM operation: G1CollectForAllocation (G1 Evacuation Pause) done
Event: 66.689 Executing VM operation: G1CollectForAllocation (GCLocker Initiated GC)
Event: 66.902 Executing VM operation: G1CollectForAllocation (GCLocker Initiated GC) done
Event: 67.223 Executing VM operation: G1PauseRemark
Event: 67.262 Executing VM operation: G1PauseRemark done
Event: 68.263 Executing VM operation: Cleanup

Memory protections (0 events):
No events

Nmethod flushes (20 events):
Event: 67.259 Thread 0x000002309a8caf80 flushing  nmethod 0x000002308e0f3310
Event: 67.259 Thread 0x000002309a8caf80 flushing  nmethod 0x0000023085f23b10
Event: 67.259 Thread 0x000002309a8caf80 flushing  nmethod 0x0000023085f46910
Event: 67.259 Thread 0x000002309a8caf80 flushing  nmethod 0x0000023085ff6f90
Event: 67.259 Thread 0x000002309a8caf80 flushing  nmethod 0x0000023085ff7490
Event: 67.259 Thread 0x000002309a8caf80 flushing  nmethod 0x0000023085ff7910
Event: 67.259 Thread 0x000002309a8caf80 flushing  nmethod 0x0000023086319110
Event: 67.259 Thread 0x000002309a8caf80 flushing  nmethod 0x00000230864f4110
Event: 67.259 Thread 0x000002309a8caf80 flushing  nmethod 0x0000023086573b10
Event: 67.259 Thread 0x000002309a8caf80 flushing  nmethod 0x00000230865ef010
Event: 67.259 Thread 0x000002309a8caf80 flushing  nmethod 0x0000023086618610
Event: 67.259 Thread 0x000002309a8caf80 flushing  nmethod 0x0000023086618d10
Event: 67.259 Thread 0x000002309a8caf80 flushing  nmethod 0x0000023086619190
Event: 67.259 Thread 0x000002309a8caf80 flushing  nmethod 0x000002308661e190
Event: 67.259 Thread 0x000002309a8caf80 flushing  nmethod 0x000002308661e810
Event: 67.259 Thread 0x000002309a8caf80 flushing  nmethod 0x0000023086635a10
Event: 67.259 Thread 0x000002309a8caf80 flushing  nmethod 0x00000230873dde90
Event: 67.259 Thread 0x000002309a8caf80 flushing  nmethod 0x0000023087409b90
Event: 67.259 Thread 0x000002309a8caf80 flushing  nmethod 0x0000023087434b10
Event: 67.259 Thread 0x000002309a8caf80 flushing  nmethod 0x000002308758df90

Events (20 events):
Event: 52.872 Thread 0x00000230a05df790 Thread added: 0x00000230b02dfe00
Event: 52.877 Thread 0x00000230a05df790 Thread added: 0x00000230b02dea50
Event: 52.885 Thread 0x00000230a05df790 Thread added: 0x00000230b02e0b20
Event: 52.892 Thread 0x00000230a05df790 Thread added: 0x00000230b02e11b0
Event: 52.981 Thread 0x000002309aaec500 Thread added: 0x00000230adf1ea90
Event: 56.201 Thread 0x00000230adf1ea90 Thread exited: 0x00000230adf1ea90
Event: 57.530 Thread 0x000002309aaeaf00 Thread added: 0x00000230adf17d90
Event: 57.657 Thread 0x00000230adf17d90 Thread exited: 0x00000230adf17d90
Event: 57.672 Thread 0x000002309aaec500 Thread added: 0x00000230adf17d90
Event: 57.683 Thread 0x00000230a05df790 Thread added: 0x00000230b02e2560
Event: 57.684 Thread 0x00000230a05df790 Thread added: 0x00000230b02e2bf0
Event: 57.685 Thread 0x00000230a05df790 Thread added: 0x00000230b02df770
Event: 57.686 Thread 0x00000230a05df790 Thread added: 0x00000230b02e5350
Event: 57.687 Thread 0x00000230a05df790 Thread added: 0x00000230b02e6070
Event: 57.689 Thread 0x00000230a05df790 Thread added: 0x00000230b02e3910
Event: 57.690 Thread 0x00000230a05df790 Thread added: 0x00000230b02e59e0
Event: 57.691 Thread 0x00000230a05df790 Thread added: 0x00000230b02e3fa0
Event: 57.691 Thread 0x00000230a05df790 Thread added: 0x00000230b02e4630
Event: 57.692 Thread 0x00000230a05df790 Thread added: 0x00000230b0388380
Event: 57.692 Thread 0x00000230a05df790 Thread added: 0x00000230b0389dc0


Dynamic libraries:
0x00007ff7c8bf0000 - 0x00007ff7c8bfa000 	C:\Program Files\Android\Android Studio1\jbr\bin\java.exe
0x00007ff8570a0000 - 0x00007ff857308000 	C:\WINDOWS\SYSTEM32\ntdll.dll
0x00007ff8558c0000 - 0x00007ff855989000 	C:\WINDOWS\System32\KERNEL32.DLL
0x00007ff854940000 - 0x00007ff854d33000 	C:\WINDOWS\System32\KERNELBASE.dll
0x00007ff850e00000 - 0x00007ff850ea2000 	C:\WINDOWS\SYSTEM32\apphelp.dll
0x00007ff854680000 - 0x00007ff8547cb000 	C:\WINDOWS\System32\ucrtbase.dll
0x00007ff850ba0000 - 0x00007ff850bbb000 	C:\Program Files\Android\Android Studio1\jbr\bin\VCRUNTIME140.dll
0x00007ff83c880000 - 0x00007ff83c898000 	C:\Program Files\Android\Android Studio1\jbr\bin\jli.dll
0x00007ff855c20000 - 0x00007ff855de4000 	C:\WINDOWS\System32\USER32.dll
0x00007ff854450000 - 0x00007ff854477000 	C:\WINDOWS\System32\win32u.dll
0x00007ff855150000 - 0x00007ff85517b000 	C:\WINDOWS\System32\GDI32.dll
0x00007ff8353e0000 - 0x00007ff835673000 	C:\WINDOWS\WinSxS\amd64_microsoft.windows.common-controls_6595b64144ccf1df_6.0.26100.5722_none_3e089a9ae3342681\COMCTL32.dll
0x00007ff854d40000 - 0x00007ff854e6d000 	C:\WINDOWS\System32\gdi32full.dll
0x00007ff8545d0000 - 0x00007ff854673000 	C:\WINDOWS\System32\msvcp_win.dll
0x00007ff855240000 - 0x00007ff8552e9000 	C:\WINDOWS\System32\msvcrt.dll
0x00007ff855880000 - 0x00007ff8558af000 	C:\WINDOWS\System32\IMM32.DLL
0x00007ff82d610000 - 0x00007ff82d702000 	C:\Program Files\Windhawk\Engine\1.6.1\64\windhawk.dll
0x00007ff855180000 - 0x00007ff855234000 	C:\WINDOWS\System32\ADVAPI32.dll
0x00007ff856e00000 - 0x00007ff856ea6000 	C:\WINDOWS\System32\sechost.dll
0x00007ff856590000 - 0x00007ff8566a8000 	C:\WINDOWS\System32\RPCRT4.dll
0x00007ff84efa0000 - 0x00007ff84efac000 	C:\Program Files\Android\Android Studio1\jbr\bin\vcruntime140_1.dll
0x00007ff819520000 - 0x00007ff8195ad000 	C:\Program Files\Android\Android Studio1\jbr\bin\msvcp140.dll
0x00007fffdb4f0000 - 0x00007fffdc17b000 	C:\Program Files\Android\Android Studio1\jbr\bin\server\jvm.dll
0x00007ff8550d0000 - 0x00007ff855144000 	C:\WINDOWS\System32\WS2_32.dll
0x00007ff854090000 - 0x00007ff8540ee000 	C:\WINDOWS\SYSTEM32\POWRPROF.dll
0x00007ff847ee0000 - 0x00007ff847f15000 	C:\WINDOWS\SYSTEM32\WINMM.dll
0x00007ff83ce90000 - 0x00007ff83ce9b000 	C:\WINDOWS\SYSTEM32\VERSION.dll
0x00007ff854070000 - 0x00007ff854084000 	C:\WINDOWS\SYSTEM32\UMPDC.dll
0x00007ff852fd0000 - 0x00007ff852feb000 	C:\WINDOWS\SYSTEM32\kernel.appcore.dll
0x00007ff84ad80000 - 0x00007ff84ad8a000 	C:\Program Files\Android\Android Studio1\jbr\bin\jimage.dll
0x00007ff851950000 - 0x00007ff851b92000 	C:\WINDOWS\SYSTEM32\DBGHELP.DLL
0x00007ff855490000 - 0x00007ff85580b000 	C:\WINDOWS\System32\combase.dll
0x00007ff856020000 - 0x00007ff8560f7000 	C:\WINDOWS\System32\OLEAUT32.dll
0x00007ff822390000 - 0x00007ff8223cd000 	C:\WINDOWS\SYSTEM32\dbgcore.DLL
0x00007ff854230000 - 0x00007ff8542c9000 	C:\WINDOWS\System32\bcryptPrimitives.dll
0x00007ff83df20000 - 0x00007ff83df2e000 	C:\Program Files\Android\Android Studio1\jbr\bin\instrument.dll
0x00007ff84ad60000 - 0x00007ff84ad80000 	C:\Program Files\Android\Android Studio1\jbr\bin\java.dll
0x00007ff847e50000 - 0x00007ff847e68000 	C:\Program Files\Android\Android Studio1\jbr\bin\zip.dll
0x00007ff8566b0000 - 0x00007ff856dfb000 	C:\WINDOWS\System32\SHELL32.dll
0x000002309ae10000 - 0x000002309af7c000 	C:\WINDOWS\System32\wintypes.dll
0x00007ff851e50000 - 0x00007ff8526a9000 	C:\WINDOWS\SYSTEM32\windows.storage.dll
0x00007ff854ed0000 - 0x00007ff854fc0000 	C:\WINDOWS\System32\SHCORE.dll
0x00007ff855810000 - 0x00007ff855872000 	C:\WINDOWS\System32\shlwapi.dll
0x00007ff854150000 - 0x00007ff854178000 	C:\WINDOWS\SYSTEM32\profapi.dll
0x00007ff84a390000 - 0x00007ff84a3a0000 	C:\Program Files\Android\Android Studio1\jbr\bin\net.dll
0x00007ff84a4a0000 - 0x00007ff84a5bf000 	C:\WINDOWS\SYSTEM32\WINHTTP.dll
0x00007ff853530000 - 0x00007ff85359b000 	C:\WINDOWS\system32\mswsock.dll
0x00007ff847e10000 - 0x00007ff847e26000 	C:\Program Files\Android\Android Studio1\jbr\bin\nio.dll
0x00007ff83e480000 - 0x00007ff83e490000 	C:\Program Files\Android\Android Studio1\jbr\bin\verify.dll
0x00007ff83d500000 - 0x00007ff83d527000 	C:\Users\robgo\.gradle\native\1def1411415f61bf3af743bc5b6707747c0891f09f0c88961ee8f79bc544acac\windows-amd64\native-platform.dll
0x00007ff819a60000 - 0x00007ff819ad8000 	C:\Users\robgo\.gradle\native\0.2.7\x86_64-windows-gnu\gradle-fileevents.dll
0x00007ff83edf0000 - 0x00007ff83edf9000 	C:\Program Files\Android\Android Studio1\jbr\bin\management.dll
0x00007ff83e4a0000 - 0x00007ff83e4ab000 	C:\Program Files\Android\Android Studio1\jbr\bin\management_ext.dll
0x00007ff855400000 - 0x00007ff855408000 	C:\WINDOWS\System32\PSAPI.DLL
0x00007ff852a20000 - 0x00007ff852a54000 	C:\WINDOWS\SYSTEM32\IPHLPAPI.DLL
0x00007ff856eb0000 - 0x00007ff856eba000 	C:\WINDOWS\System32\NSI.dll
0x00007ff846ca0000 - 0x00007ff846ca9000 	C:\Program Files\Android\Android Studio1\jbr\bin\extnet.dll
0x00007ff853900000 - 0x00007ff85391b000 	C:\WINDOWS\SYSTEM32\CRYPTSP.dll
0x00007ff852f30000 - 0x00007ff852f6b000 	C:\WINDOWS\system32\rsaenh.dll
0x00007ff8535d0000 - 0x00007ff8535fb000 	C:\WINDOWS\SYSTEM32\USERENV.dll
0x00007ff854120000 - 0x00007ff854146000 	C:\WINDOWS\SYSTEM32\bcrypt.dll
0x00007ff853760000 - 0x00007ff85376c000 	C:\WINDOWS\SYSTEM32\CRYPTBASE.dll
0x00007ff812480000 - 0x00007ff812488000 	C:\WINDOWS\system32\wshunix.dll
0x00007ff852ac0000 - 0x00007ff852be6000 	C:\WINDOWS\SYSTEM32\DNSAPI.dll
0x00007ff849200000 - 0x00007ff84920b000 	C:\Windows\System32\rasadhlp.dll
0x00007ff84dc20000 - 0x00007ff84dca6000 	C:\WINDOWS\System32\fwpuclnt.dll

dbghelp: loaded successfully - version: 4.0.5 - missing functions: none
symbol engine: initialized successfully - sym options: 0x614 - pdb path: .;C:\Program Files\Android\Android Studio1\jbr\bin;C:\WINDOWS\SYSTEM32;C:\WINDOWS\WinSxS\amd64_microsoft.windows.common-controls_6595b64144ccf1df_6.0.26100.5722_none_3e089a9ae3342681;C:\Program Files\Windhawk\Engine\1.6.1\64;C:\Program Files\Android\Android Studio1\jbr\bin\server;C:\Users\robgo\.gradle\native\1def1411415f61bf3af743bc5b6707747c0891f09f0c88961ee8f79bc544acac\windows-amd64;C:\Users\robgo\.gradle\native\0.2.7\x86_64-windows-gnu

VM Arguments:
jvm_args: --add-opens=java.base/java.lang=ALL-UNNAMED --add-opens=java.base/java.lang.invoke=ALL-UNNAMED --add-opens=java.base/java.util=ALL-UNNAMED --add-opens=java.prefs/java.util.prefs=ALL-UNNAMED --add-exports=jdk.compiler/com.sun.tools.javac.api=ALL-UNNAMED --add-exports=jdk.compiler/com.sun.tools.javac.util=ALL-UNNAMED --add-opens=java.base/java.util=ALL-UNNAMED --add-opens=java.prefs/java.util.prefs=ALL-UNNAMED --add-opens=java.base/java.nio.charset=ALL-UNNAMED --add-opens=java.base/java.net=ALL-UNNAMED --add-opens=java.base/java.util.concurrent.atomic=ALL-UNNAMED --add-opens=java.xml/javax.xml.namespace=ALL-UNNAMED -Xmx2048m -Dfile.encoding=UTF-8 -Duser.country=BR -Duser.language=pt -Duser.variant -javaagent:C:\Users\robgo\.gradle\wrapper\dists\gradle-8.13-bin\5xuhj0ry160q40clulazy9h7d\gradle-8.13\lib\agents\gradle-instrumentation-agent-8.13.jar 
java_command: org.gradle.launcher.daemon.bootstrap.GradleDaemon 8.13
java_class_path (initial): C:\Users\robgo\.gradle\wrapper\dists\gradle-8.13-bin\5xuhj0ry160q40clulazy9h7d\gradle-8.13\lib\gradle-daemon-main-8.13.jar
Launcher Type: SUN_STANDARD

[Global flags]
     intx CICompilerCount                          = 4                                         {product} {ergonomic}
     uint ConcGCThreads                            = 3                                         {product} {ergonomic}
     uint G1ConcRefinementThreads                  = 10                                        {product} {ergonomic}
   size_t G1HeapRegionSize                         = 1048576                                   {product} {ergonomic}
    uintx GCDrainStackTargetSize                   = 64                                        {product} {ergonomic}
   size_t InitialHeapSize                          = 130023424                                 {product} {ergonomic}
   size_t MarkStackSize                            = 4194304                                   {product} {ergonomic}
   size_t MaxHeapSize                              = 2147483648                                {product} {command line}
   size_t MaxNewSize                               = 1287651328                                {product} {ergonomic}
   size_t MinHeapDeltaBytes                        = 1048576                                   {product} {ergonomic}
   size_t MinHeapSize                              = 8388608                                   {product} {ergonomic}
    uintx NonNMethodCodeHeapSize                   = 5839372                                {pd product} {ergonomic}
    uintx NonProfiledCodeHeapSize                  = 122909434                              {pd product} {ergonomic}
    uintx ProfiledCodeHeapSize                     = 122909434                              {pd product} {ergonomic}
    uintx ReservedCodeCacheSize                    = 251658240                              {pd product} {ergonomic}
     bool SegmentedCodeCache                       = true                                      {product} {ergonomic}
   size_t SoftMaxHeapSize                          = 2147483648                             {manageable} {ergonomic}
     bool UseCompressedOops                        = true                           {product lp64_product} {ergonomic}
     bool UseG1GC                                  = true                                      {product} {ergonomic}
     bool UseLargePagesIndividualAllocation        = false                                  {pd product} {ergonomic}

Logging:
Log output configuration:
 #0: stdout all=warning uptime,level,tags foldmultilines=false
 #1: stderr all=off uptime,level,tags foldmultilines=false

Environment Variables:
JAVA_HOME=C:\Program Files\Java\jdk-17
PATH=c:\Users\robgo\AppData\Local\Programs\cursor\resources\app\bin;C:\Program Files\Google\Chrome\Application;C:\Program Files\Common Files\Oracle\Java\javapath;C:\WINDOWS\system32;C:\WINDOWS;C:\WINDOWS\System32\Wbem;C:\WINDOWS\System32\WindowsPowerShell\v1.0\;C:\WINDOWS\System32\OpenSSH\;C:\Program Files\dotnet\;C:\ProgramData\chocolatey\bin;C:\Users\robgo\AppData\Local\Android\Sdk\tools;C:\Users\robgo\AppData\Local\Android\Sdk\platform-tools;C:\Users\robgo\AppData\Roaming\npm;C:\gradle-8.9\bin;C:\Program Files\Java\jdk-17\bin;C:\Users\robgo\AppData\Local\Android\Sdk\build-tools;C:\apktool;E:\CRIAR APP\;C:\Program Files\PowerShell\7\;C:\Users\robgo\AppData\Local\Programs\Python\Python313\Scripts\;C:\Users\robgo\AppData\Local\Programs\Python\Python313\;C:\Users\robgo\AppData\Local\Android\Sdk\platform-tools;C:\Users\robgo\AppData\Local\Android\Sdk\tools;C:\Program Files\Common Files\Oracle\Java\javapath;C:\WINDOWS\system32;C:\WINDOWS;C:\WINDOWS\System32\Wbem;C:\WINDOWS\System32\WindowsPow;C:\Program Files\Git\cmd;C:\Users\robgo\AppData\Local\Programs\Python\Python313\Scripts\;C:\Users\robgo\AppData\Local\Programs\Python\Python313\;C:\Users\robgo\AppData\Local\Android\Sdk\platform-tools;C:\Users\robgo\AppData\Local\Android\Sdk\tools;c:\Users\robgo\AppData\Local\Programs\cursor\resources\app\bin;C:\Program Files\Google\Chrome\Application;C:\Program Files\Common Files\Oracle\Java\javapath;C:\WINDOWS\system32;C:\WINDOWS;C:\WINDOWS\System32\Wbem;C:\WINDOWS\System32\WindowsPowerShell\v1.0\;C:\WINDOWS\System32\OpenSSH\;C:\Program Files\dotnet\;C:\ProgramData\chocolatey\bin;C:\Users\robgo\AppData\Local\Android\Sdk\tools;C:\Users\robgo\AppData\Local\Android\Sdk\platform-tools;C:\Users\robgo\AppData\Roaming\npm;C:\gradle-8.9\bin;C:\Program Files\Java\jdk-17\bin;C:\Users\robgo\AppData\Local\Android\Sdk\build-tools;C:\apktool;E:\CRIAR APP\;C:\Program Files\PowerShell\7\;C:\Users\robgo\AppData\Local\Programs\Python\Python313\Scripts\;C:\Users\robgo\AppData\Local\Programs\Python\Python313\;C:\Users\robgo\AppData\Local\Android\Sdk\platform-tools;C:\Users\robgo\AppData\Local\Android\Sdk\tools;C:\Program Files\Common Files\Oracle\Java\javapath;C:\WINDOWS\system32;C:\WINDOWS;C:\WINDOWS\System32\Wbem;C:\WINDOWS\System32\WindowsPow;C:\Program Files\Git\cmd;C:\Users\robgo\AppData\Local\Programs\Microsoft VS Code\bin;C:\Users\robgo\AppData\Local\Microsoft\WindowsApps;C:\Users\robgo\.dotnet\tools;C:\Users\robgo\AppData\Roaming\npm;C:\Users\robgo\AppData\Local\Programs\cursor\resources\app\bin
USERNAME=RobGomez
OS=Windows_NT
PROCESSOR_IDENTIFIER=Intel64 Family 6 Model 154 Stepping 4, GenuineIntel
TMP=C:\Users\robgo\AppData\Local\Temp
TEMP=C:\Users\robgo\AppData\Local\Temp




Periodic native trim disabled

JNI global refs:
JNI global refs: 30, weak refs: 15

JNI global refs memory usage: 835, weak refs: 833

Process memory usage:
Resident Set Size: 596996K (7% of 8082760K total physical memory with 362368K free physical memory)

OOME stack traces (most recent first):
Classloader memory used:
Loader org.gradle.internal.classloader.VisitableURLClassLoader                         : 101M
Loader bootstrap                                                                       : 31621K
Loader org.gradle.initialization.MixInLegacyTypesClassLoader                           : 11365K
Loader jdk.internal.loader.ClassLoaders$AppClassLoader                                 : 7996K
Loader jdk.internal.loader.ClassLoaders$PlatformClassLoader                            : 994K
Loader org.gradle.internal.classloader.VisitableURLClassLoader                         : 992K
Loader org.gradle.internal.classloader.VisitableURLClassLoader$InstrumentingVisitableURLClassLoader: 727K
Loader jdk.internal.jrtfs.JrtFileSystemProvider$JrtFsLoader                            : 339K
Loader jdk.internal.reflect.DelegatingClassLoader                                      : 281K
Loader org.gradle.groovy.scripts.internal.DefaultScriptCompilationHandler$ScriptClassLoader: 90792B
Loader org.codehaus.groovy.runtime.callsite.CallSiteClassLoader                        : 49592B

Classes loaded by more than one classloader:
Class org.gradle.api.GradleException                                                  : loaded 3 times (x 78B)
Class Program                                                                         : loaded 3 times (x 68B)
Class jdk.internal.jimage.BasicImageReader                                            : loaded 2 times (x 91B)
Class org.gradle.internal.classloader.ClassLoaderHierarchy                            : loaded 2 times (x 66B)
Class org.gradle.api.internal.classpath.ManifestUtil                                  : loaded 2 times (x 67B)
Class org.jetbrains.plugins.gradle.model.GradleExtensions                             : loaded 2 times (x 66B)
Class org.jetbrains.plugins.gradle.model.AnnotationProcessingModel                    : loaded 2 times (x 66B)
Class jdk.internal.jimage.decompressor.StringSharingDecompressorFactory               : loaded 2 times (x 70B)
Class org.gradle.internal.operations.MultipleBuildOperationFailures                   : loaded 2 times (x 91B)
Class org.gradle.internal.classloader.DefaultClassLoaderFactory                       : loaded 2 times (x 78B)
Class kotlin.collections.AbstractList$Companion                                       : loaded 2 times (x 67B)
Class org.gradle.internal.classloader.ClassLoaderVisitor                              : loaded 2 times (x 72B)
Class org.gradle.api.internal.classpath.EffectiveClassPath                            : loaded 2 times (x 86B)
Class org.gradle.tooling.internal.gradle.DefaultProjectIdentifier                     : loaded 2 times (x 82B)
Class org.gradle.api.internal.DefaultClassPathProvider                                : loaded 2 times (x 72B)
Class [Lorg.gradle.api.internal.ClassPathProvider;                                    : loaded 2 times (x 65B)
Class org.gradle.api.internal.ClassPathProvider                                       : loaded 2 times (x 66B)
Class jdk.internal.jrtfs.SystemImage                                                  : loaded 2 times (x 70B)
Class org.gradle.internal.service.UnknownServiceException                             : loaded 2 times (x 79B)
Class org.jetbrains.kotlin.idea.gradleTooling.KotlinDslScriptAdditionalTask           : loaded 2 times (x 66B)
Class jdk.internal.jimage.ImageReader$LinkNode                                        : loaded 2 times (x 80B)
Class org.gradle.internal.classpath.TransformedClassPath                              : loaded 2 times (x 92B)
Class org.gradle.internal.classloader.InstrumentingClassLoader                        : loaded 2 times (x 66B)
Class jdk.internal.jrtfs.SystemImage$1                                                : loaded 2 times (x 74B)
Class kotlin.enums.EnumEntriesList                                                    : loaded 2 times (x 219B)
Class jdk.internal.jrtfs.SystemImage$2                                                : loaded 2 times (x 72B)
Class org.gradle.internal.classloader.FilteringClassLoader                            : loaded 2 times (x 101B)
Class org.jetbrains.plugins.gradle.model.IntelliJSettings                             : loaded 2 times (x 66B)
Class org.gradle.internal.service.ServiceLocator                                      : loaded 2 times (x 66B)
Class jdk.internal.jrtfs.JrtFileSystemProvider                                        : loaded 2 times (x 97B)
Class org.gradle.tooling.model.UnsupportedMethodException                             : loaded 2 times (x 78B)
Class com.intellij.compose.ide.plugin.gradleTooling.rt.ComposeResourcesModel          : loaded 2 times (x 66B)
Class jdk.internal.jimage.ImageLocation                                               : loaded 2 times (x 86B)
Class jdk.internal.jrtfs.JrtDirectoryStream$1                                         : loaded 2 times (x 79B)
Class org.gradle.internal.InternalTransformer                                         : loaded 2 times (x 66B)
Class jdk.internal.jimage.ImageBufferCache$1                                          : loaded 2 times (x 79B)
Class org.gradle.internal.time.DefaultTimer                                           : loaded 2 times (x 76B)
Class org.gradle.internal.classloader.ClasspathUtil$1                                 : loaded 2 times (x 72B)
Class jdk.internal.jimage.ImageBufferCache$2                                          : loaded 2 times (x 87B)
Class org.gradle.api.internal.classpath.DefaultModuleRegistry$DefaultModule           : loaded 2 times (x 82B)
Class org.gradle.internal.time.DefaultCountdownTimer                                  : loaded 2 times (x 84B)
Class org.gradle.tooling.internal.gradle.DefaultBuildIdentifier                       : loaded 2 times (x 75B)
Class kotlin.Function                                                                 : loaded 2 times (x 66B)
Class org.gradle.api.internal.classpath.Module                                        : loaded 2 times (x 66B)
Class org.gradle.api.internal.classpath.UnknownModuleException                        : loaded 2 times (x 78B)
Class jdk.internal.jimage.ImageHeader                                                 : loaded 2 times (x 67B)
Class com.intellij.openapi.externalSystem.model.project.dependencies.ProjectDependencies: loaded 2 times (x 66B)
Class org.gradle.tooling.internal.gradle.GradleProjectIdentity                        : loaded 2 times (x 66B)
Class org.gradle.api.internal.DefaultClassPathRegistry                                : loaded 2 times (x 72B)
Class org.gradle.api.internal.ClassPathRegistry                                       : loaded 2 times (x 66B)
Class org.gradle.internal.classpath.DefaultClassPath$ImmutableUniqueList              : loaded 2 times (x 195B)
Class jdk.internal.jimage.decompressor.ResourceDecompressor                           : loaded 2 times (x 66B)
Class org.jetbrains.kotlin.idea.gradleTooling.KotlinSourceSetContainer                : loaded 2 times (x 66B)
Class Settings_gradle$1                                                               : loaded 2 times (x 70B)
Class org.gradle.internal.classpath.ClassPath                                         : loaded 2 times (x 66B)
Class org.gradle.api.UncheckedIOException                                             : loaded 2 times (x 78B)
Class org.jetbrains.kotlin.idea.gradleTooling.KotlinGradleModel                       : loaded 2 times (x 66B)
Class jdk.internal.jimage.ImageStringsReader                                          : loaded 2 times (x 76B)
Class org.gradle.tooling.model.Model                                                  : loaded 2 times (x 66B)
Class kotlin.UninitializedPropertyAccessException                                     : loaded 2 times (x 78B)
Class jdk.internal.jimage.ImageReader                                                 : loaded 2 times (x 71B)
Class org.jetbrains.plugins.gradle.model.IntelliJProjectSettings                      : loaded 2 times (x 66B)
Class jdk.internal.jimage.ImageReader$SharedImageReader                               : loaded 2 times (x 91B)
Class org.gradle.internal.installation.GradleInstallation$1                           : loaded 2 times (x 71B)
Class org.gradle.api.internal.classpath.ModuleRegistry                                : loaded 2 times (x 66B)
Class jdk.internal.jimage.decompressor.ResourceDecompressorFactory                    : loaded 2 times (x 70B)
Class org.jetbrains.plugins.gradle.model.VersionCatalogsModel                         : loaded 2 times (x 66B)
Class jdk.internal.jimage.ImageReader$Node                                            : loaded 2 times (x 80B)
Class org.gradle.api.internal.classpath.DefaultModuleRegistry                         : loaded 2 times (x 82B)
Class jdk.internal.jimage.BasicImageReader$1                                          : loaded 2 times (x 73B)
Class sync_studio_tooling6_6bpl324v6kt8j8ctvghnbz4gi                                  : loaded 2 times (x 175B)
Class jdk.internal.jimage.decompressor.Decompressor                                   : loaded 2 times (x 68B)
Class jdk.internal.jimage.ImageReader$Resource                                        : loaded 2 times (x 80B)
Class org.gradle.internal.time.MonotonicClock                                         : loaded 2 times (x 73B)
Class org.gradle.internal.service.ServiceLookupException                              : loaded 2 times (x 78B)
Class jdk.internal.jrtfs.JrtFileAttributes                                            : loaded 2 times (x 79B)
Class org.gradle.internal.classloader.ClassLoaderFactory                              : loaded 2 times (x 66B)
Class org.gradle.internal.service.CachingServiceLocator                               : loaded 2 times (x 78B)
Class org.jetbrains.plugins.gradle.model.RepositoryModels                             : loaded 2 times (x 66B)
Class org.gradle.internal.time.TimeSource                                             : loaded 2 times (x 66B)
Class org.gradle.tooling.internal.gradle.GradleBuildIdentity                          : loaded 2 times (x 66B)
Class kotlin.enums.EnumEntries                                                        : loaded 2 times (x 66B)
Class org.gradle.internal.exceptions.ResolutionProvider                               : loaded 2 times (x 66B)
Class jdk.internal.jimage.ImageBufferCache                                            : loaded 2 times (x 67B)
Class jdk.internal.jrtfs.JrtPath                                                      : loaded 2 times (x 114B)
Class org.gradle.tooling.model.ProjectIdentifier                                      : loaded 2 times (x 66B)
Class org.gradle.internal.classloader.ClasspathUtil                                   : loaded 2 times (x 67B)
Class org.gradle.internal.time.TimeSource$1                                           : loaded 2 times (x 73B)
Class kotlin.jvm.internal.DefaultConstructorMarker                                    : loaded 2 times (x 67B)
Class org.gradle.api.specs.Spec                                                       : loaded 2 times (x 66B)
Class jdk.internal.jimage.ImageReader$SharedImageReader$LocationVisitor               : loaded 2 times (x 66B)
Class jdk.internal.jimage.decompressor.ResourceDecompressorRepository                 : loaded 2 times (x 67B)
Class org.gradle.internal.time.Clock                                                  : loaded 2 times (x 66B)
Class jdk.internal.jimage.ImageReader$Directory                                       : loaded 2 times (x 80B)
Class kotlin.collections.AbstractList                                                 : loaded 2 times (x 193B)
Class kotlin.collections.AbstractCollection                                           : loaded 2 times (x 113B)
Class org.gradle.internal.classloader.VisitableURLClassLoader$InstrumentingVisitableURLClassLoader: loaded 2 times (x 119B)
Class org.gradle.internal.classloader.VisitableURLClassLoader$Spec                    : loaded 2 times (x 70B)
Class org.gradle.internal.classpath.DefaultClassPath                                  : loaded 2 times (x 86B)
Class jdk.internal.jimage.decompressor.ZipDecompressorFactory                         : loaded 2 times (x 70B)
Class org.gradle.internal.classloader.ClassLoaderSpec                                 : loaded 2 times (x 67B)
Class Settings_gradle$1$1                                                             : loaded 2 times (x 70B)
Class kotlin.Unit                                                                     : loaded 2 times (x 67B)
Class org.gradle.internal.classloader.VisitableURLClassLoader                         : loaded 2 times (x 113B)
Class Settings_gradle                                                                 : loaded 2 times (x 124B)
Class org.gradle.internal.Cast                                                        : loaded 2 times (x 67B)
Class org.gradle.api.Action                                                           : loaded 2 times (x 66B)
Class jdk.internal.jimage.decompressor.ZipDecompressor                                : loaded 2 times (x 71B)
Class kotlin.jvm.functions.Function1                                                  : loaded 2 times (x 66B)
Class org.gradle.internal.classpath.DefaultClassPath$ImmutableUniqueList$Builder      : loaded 2 times (x 71B)
Class kotlin.NotImplementedError                                                      : loaded 2 times (x 78B)
Class org.gradle.internal.exceptions.NonGradleCauseExceptionsHolder                   : loaded 2 times (x 66B)
Class jdk.internal.jimage.ImageStrings                                                : loaded 2 times (x 66B)
Class org.jetbrains.plugins.gradle.tooling.ModelBuilderService$Parameter              : loaded 2 times (x 66B)
Class kotlin.enums.EnumEntriesKt                                                      : loaded 2 times (x 67B)
Class org.gradle.internal.IoActions                                                   : loaded 2 times (x 67B)
Class org.gradle.internal.classloader.SystemClassLoaderSpec                           : loaded 2 times (x 67B)
Class org.gradle.internal.exceptions.MultiCauseException                              : loaded 2 times (x 66B)
Class org.gradle.internal.time.CountdownTimer                                         : loaded 2 times (x 66B)
Class kotlin.jvm.internal.Intrinsics                                                  : loaded 2 times (x 67B)
Class jdk.internal.jrtfs.JrtFileSystem                                                : loaded 2 times (x 98B)
Class org.gradle.tooling.model.ProjectModel                                           : loaded 2 times (x 66B)
Class jdk.internal.jimage.decompressor.CompressedResourceHeader                       : loaded 2 times (x 67B)
Class kotlin.KotlinNullPointerException                                               : loaded 2 times (x 79B)
Class org.jetbrains.plugins.gradle.model.tests.ExternalTestsModel                     : loaded 2 times (x 66B)
Class org.gradle.internal.exceptions.DefaultMultiCauseException                       : loaded 2 times (x 91B)
Class org.gradle.internal.time.Time                                                   : loaded 2 times (x 67B)
Class org.jetbrains.plugins.gradle.model.DependencyAccessorsModel                     : loaded 2 times (x 66B)
Class org.gradle.api.internal.classpath.GlobalCacheRootsProvider                      : loaded 2 times (x 66B)
Class org.jetbrains.kotlin.idea.gradleTooling.KotlinMPPGradleModel                    : loaded 2 times (x 66B)
Class org.gradle.tooling.model.BuildIdentifier                                        : loaded 2 times (x 66B)
Class org.jetbrains.kotlin.idea.gradleTooling.PrepareKotlinIdeImportTaskModel         : loaded 2 times (x 66B)
Class org.gradle.internal.time.Timer                                                  : loaded 2 times (x 66B)
Class kotlin.jvm.internal.markers.KMappedMarker                                       : loaded 2 times (x 66B)
Class org.gradle.internal.installation.CurrentGradleInstallationLocator               : loaded 2 times (x 67B)
Class org.gradle.internal.service.DefaultServiceLocator                               : loaded 2 times (x 79B)
Class jdk.internal.jrtfs.JrtDirectoryStream                                           : loaded 2 times (x 85B)
Class org.gradle.util.GradleVersion                                                   : loaded 2 times (x 75B)
Class org.gradle.internal.installation.CurrentGradleInstallation                      : loaded 2 times (x 69B)
Class org.jetbrains.plugins.gradle.javaModel.JavaGradleManifestModel                  : loaded 2 times (x 66B)
Class org.gradle.util.internal.GUtil                                                  : loaded 2 times (x 67B)
Class org.gradle.internal.installation.GradleInstallation                             : loaded 2 times (x 71B)
Class jdk.internal.jimage.decompressor.ResourceDecompressor$StringsProvider           : loaded 2 times (x 66B)
Class ijInit1_439fu0m60a5n3eflxydkxos9q                                               : loaded 2 times (x 175B)

---------------  S Y S T E M  ---------------

OS:
 Windows 11 , 64 bit Build 26100 (10.0.26100.5733)
OS uptime: 1 days 4:14 hours
Hyper-V role detected

CPU: total 12 (initial active 12) (6 cores per cpu, 2 threads per core) family 6 model 154 stepping 4 microcode 0x423, cx8, cmov, fxsr, ht, mmx, 3dnowpref, sse, sse2, sse3, ssse3, sse4.1, sse4.2, popcnt, lzcnt, tsc, tscinvbit, avx, avx2, aes, erms, clmul, bmi1, bmi2, adx, sha, fma, vzeroupper, clflush, clflushopt, clwb, hv, serialize, rdtscp, rdpid, fsrm, f16c, cet_ibt, cet_ss
Processor Information for processor 0
  Max Mhz: 1300, Current Mhz: 1300, Mhz Limit: 1300
Processor Information for processor 1
  Max Mhz: 1300, Current Mhz: 1300, Mhz Limit: 1300
Processor Information for processor 2
  Max Mhz: 1300, Current Mhz: 1300, Mhz Limit: 1300
Processor Information for processor 3
  Max Mhz: 1300, Current Mhz: 1300, Mhz Limit: 1300
Processor Information for processor 4
  Max Mhz: 1300, Current Mhz: 900, Mhz Limit: 897
Processor Information for processor 5
  Max Mhz: 1300, Current Mhz: 900, Mhz Limit: 897
Processor Information for processor 6
  Max Mhz: 1300, Current Mhz: 900, Mhz Limit: 897
Processor Information for processor 7
  Max Mhz: 1300, Current Mhz: 900, Mhz Limit: 897
Processor Information for processor 8
  Max Mhz: 1300, Current Mhz: 900, Mhz Limit: 897
Processor Information for processor 9
  Max Mhz: 1300, Current Mhz: 900, Mhz Limit: 897
Processor Information for processor 10
  Max Mhz: 1300, Current Mhz: 900, Mhz Limit: 897
Processor Information for processor 11
  Max Mhz: 1300, Current Mhz: 900, Mhz Limit: 897

Memory: 4k page, system-wide physical 7893M (344M free)
TotalPageFile size 16085M (AvailPageFile size 26M)
current process WorkingSet (physical memory assigned to process): 620M, peak: 691M
current process commit charge ("private bytes"): 1020M, peak: 1023M

vm_info: OpenJDK 64-Bit Server VM (21.0.6+-13391695-b895.109) for windows-amd64 JRE (21.0.6+-13391695-b895.109), built on 2025-04-22T21:19:17Z by "builder" with MS VC++ 16.10 / 16.11 (VS2019)

END.
